Konkani_sentences,Sentiment
दुयेंतीक हागतना खुबूच जाळ आनी त्रास पडटात.,Negative
झर्‍या मेरेन वचपाचो रस्तो रानांतल्यान आनी दोंगरां मदल्यान वता.,Neutral
दुदसागराचें व्हांवतें उदक मुखार वचून हेच खांडेपार न्हंयेंत मेळटा.,Neutral
"वयर वचपा खातीर ल्हान सोंपणां बांदल्यांत , चारूय वटांनी वेदी बांदल्यात.",Negative
मनरिजवणेच्या सगळ्या साधनांचे खूब पोरणें नांव  क्रीडा  आशिल्लें.,Negative
झुजा वेळार जाल्ल्या भिरांकूळ रक्तपातान ताका बौद्ध धर्म आपणावपाक भाग पाडलो.,Negative
ह्या सवायपणांत अशक्याक शक्य करपाची तांक आसा.,Negative
"उसरान काय आसना , भारत सरकाराची नदर ह्या संग्रहालयाचेर पडल्या.",Negative
लखनौच्या पायणींनी एक आगळीच ओड आसा.,Neutral
पूण खूबश्या बायलां मदीं तीं तांबडें लिपस्टीक लावंक शकनात हो चुकीचो समज आसा.,Positive
दोंगराळ वाठारांनी बियांचे नर्सरींत मार्च एप्रील म्हयन्यांत पेरतात.,Neutral
परशुराम आनी माता रेणुकाचें देवूळ खास आसा.,Positive
१८५७चे दुख्खी घडणुके उपरांत इंग्लेज सैनिकांनी लाल किल्ल्याचेर ताबो मेळयलो.,Negative
वेवसायीक शेती ह्या तरेची शेती आधुनीक विकासाची देणगी आसा.,Neutral
निर्याता खातीर भारतांत फुलांचें उत्पादनांत पांरपारीक फुलां सोडून कापिल्ल्या फुलां कडेन गेलो.,Neutral
जिणेचो कसलोच भाग असो ना जो अपघातांनी आफडूंक ना.,Neutral
अमिताभा शिवाय रफीक शम्मी कपूर आनी धर्मेंद्राचे सिनेमाय खूब आवडटाले.,Positive
डेरिवेटीव उत्पादनांचो वापर धोक्याच्या कबलाती खेरीज व्हड स्तरार सट्टेबाजां वतीन करतात.,Neutral
हज़ारों ख्वाहिशें ऐसीत  भायल्यातल्यान आयिल्ले लोक गांवकर्‍यां खातीर झुजतात.,Neutral
कापसाची शेती बाकीच्या पिकां भशेन रसायनीक सार्‍या बगर हेर जाग्यांचेर करतात.,Positive
कृशी क्षेत्रांनी सादारण ६४ % कामगारांक काम मेळ्ळां.,Negative
लोकसंख्येच्या अभावान दर मनशाक उत्पादन खूब चड आसता.,Positive
क्रायोप्रेसिपिटेट हें खाशेले तरेन हिमोफिलियाचो पिडेस्त वा आनी खंयच्याय रगत व्हांवपी दुयेंसाचो पिडेस्त हांचे खातीर वापरता.,Negative
कर्नाटकांत न्हंयाच्या धारांनी तयार जाल्लीं कितलींशींच भरते न्हंयेमुखां ( एश्चुअरी ) आसात.,Negative
जर तुमकां भलायकेवंत रावपाक जाय जाल्यार धुम्रपानाक  ना  म्हणात.,Positive
"मुमरांच्या उपचारांत निलगिरी, लॅवॅण्डर, टिटी हींय बी उपेगी आसतात.",Positive
लवंगा सारकें हातूंत लेगीत जायत्या रोगां कडेन झुजपाची तांक आसता.,Positive
उकते सुवातेर सावन तुमचे खाटीर लेगीत त्यो तुमकां मेळूं येतात.,Neutral
एक आध्यात्मीक नेत्याच्या रुपांत तांचो प्रभाव देशांतल्या बुद्धीजिवांचेरय खूब उरलो.,Neutral
"तातूंत स्विमींग पूल , भुरग्यां खातीर पार्क , टॉयट्रन , बी आकर्शणां आसात.",Neutral
ह्या तरेन माती संरक्षणाचे दिशेंत जैवीक शेती सगल्यांत महत्वपूर्ण आसा.,Positive
ह्या पयल्या व्हड्यांत जनावरांक पळोवपाची शक्यताय चड आसता.,Positive
शिंयाच्या मोसमांत चरबेचो शिमीत आनी योग्य उपेग गरजेचो.,Negative
थंय सावन आमी धांवपट्‍टेचेर घुंवून ट्रांस मालदिवियनाच्या तळार पावले.,Negative
"कार्बोहायड्रेटाचें उणें प्रमाण घेतिल्ल्यान  कॅटोसीसची समस्या जाता, जाचो परिणाम मुत्रपिंडाचेर पडटा.",Negative
"सी  सेलीन जिवनसत्व, रिडोक्शनन, बी ह्या दुयेंसांत खाशेल्या रुपान उपेगी आसात.",Positive
हार्मोन थॅरेपी घेवपी बायलांचो मेंदू सदच्या परस चड तिव्रतायेन आंवळून येता.,Negative
शेतांचो आकार कमी जालो : प्रदेशांत शेतांचो आकारय चिंताजनक रुपांत कमी जाला.,Negative
ही मेळोवपाक खंयचेच व्यक्तीक कसलेच त्रास पडनात.,Neutral
आपोलाचो सगल्यांत म्हत्वपूर्ण गूण ताचो प्राण उर्जे पसून पूर्ण जाता.,Positive
पांच माड आशिल्ल्या कारणान हो भुंयभाग  अंचुतेंगु  नांवान फामाद जालो.,Positive
मल्याळम सिनेमा  कलियांचन  आनी मराठी सिनेमा  संहितान  सर्वश्रेश्ठ संगीत निर्देशकाचो पुरस्कार आपल्या नांवार केलो.,Positive
स्केटिंगाची सगल्यांत फामाद तरा म्हणल्यार फिगर वा आर्टिस्टिक स्केटिंग.,Positive
ही घाण पयस करपा खातीर आमकां केंस नेमान धुवचे पडटात.,Neutral
सादारण मनशा मेरेन पावपाचें हें सगल्यान चड प्रभावी माध्यम.,Positive
तेंगशी सुकपाचें दुयेंस : हो खुवानीचो सगळ्यांत भयंकर रोग आसा.,Positive
ओंकारेश्‍वर रोड सावन १२ कि.मि. अंतराचेर ओंकारेश्‍वर आसा.,Neutral
दुयेंतींक बहरेनांत सरकारा वतीन फुकट वखदां मेळटात.,Negative
हाची सादारण ( बियांची ) पीक १२०० ते १५०० किलोग्राम प्रती हॅक्टर आसा.,Negative
असली समस्या सकयल्या प्रकारांनी वांटून घालूं येता.,Neutral
एके वटेन उंटांचो कळप ल्हवल्हव अस्तंते वटेन वतालो.,Negative
प्रत्येक देसाक आपल्या तेच क्षमतायेचो विकास करूंक जाय जातूंत तो मुखेल आसा.,Neutral
पश्चिमी  मिडिया  खूब व्हड स्तराचेर स्वताच्या ह्या विचारांनी येशस्वी लेगीत जायत आसा.,Positive
घराचें काम करतना उदकाच्या संपर्कांत रावचें पडटा.,Negative
दिल्लींत जायतीं प्राचीन आनी पळोवपा सारकीं धार्मीक स्थळां आसात.,Positive
उणी चरबी आनी फायबर आशिल्ल्या आहारान तुमी साबार दुयेंसां पयस दवरूंक शकतात.,Positive
"भुके परस इल्लें उणें खावचें, जाका लागून अपचन जावचें ना.",Negative
खर शाम्पू केंसांचें लुकसाण करूंक शकतात आनी तांची सैमीक वलसाण काबार करूंक शकतात.,Positive
"उत्तर प्रदेश, राजस्थान, हिमाचल प्रदेश, हरियाणा, बी हांगा हें चड रोयतात.",Positive
हातूंत सामाजीक आनी पर्यावरणा संबंदींच्या लुकसाणांचो जाल्यार आसपाव करुंकूच ना.,Neutral
रेंवटाळ राष्‍ट्रीय उद्यानांत विसवघरां आसात.,Positive
मन रोखडेंच तयार जालें आनी हांवेन वेव्हारीक तयारी सुरू केली.,Positive
पूण हाचो हेतू असो निखालूस न्हय की सवंगांचो अभिनय पक्ष प्रभावहीण आसता.,Negative
चडशे हिमालयी ट्रॅक दर दीस 6 ते 8 वरांचे पांयभोंवडेचें मागणें करतात.,Positive
डिस्मेनोरिया ह्या उतराचो वापर खूबच दुख दिवपी म्हयन्यांच्या खातीर करतात.,Negative
१९९३त देशांत लागींलागीं ४ करोड टेलिवीजन सेट आशिल्ले.,Negative
शीं खाल्ल्यान कसलेंय काम करपाची इत्सा जायना.,Negative
हाचे उपरांत तर दुरदर्शनांत बरे वायट धारावाहिकांची रांगूच लागली.,Neutral
"जाचें मुळांत मुखेलपणान संस्कृत , भारतीय कलेच्या शिक्षणाचो उद्देश आशिल्लो.",Positive
पंकजा म्हणटा की सेंसरान कापिल्ल्या दृश्यांक सांबाळून दवरपी खूब कमी सिनेमाकार आसात.,Negative
देखून भारतांतलें बाळक मृत्यू प्रमाण खूब वयर पावलां.,Positive
रांदपाच्या हेर तेलांच्या तुळेंत हें गरम केल्ल्यान कमीत कमीत लुकसाणदिणें आसता.,Negative
सवणें ताका सांबाळपाक लागलें भुरगीं रडिल्ल्यान घरांत बोवाळ जावपाक लागलो.,Negative
स्वताच्या पुताची प्रतिभा पळोवन ताणें शंकरनाक कथकली नृत्य शिकपाची परवानगी दिली.,Neutral
दुयेंसाचे गंभीर अवस्थेंत गंभीर लक्षणां रोखडींच दिश्टी पडूं येतात.,Positive
"हातूंत खूब वाद्य यंत्रा अशी आसात, जाचीं नांवां वयर येवंक ना.",Positive
भुरग्याचे दांत करकरावपा फांटल्यान दंतांचो खूब वांटो आसता.,Negative
हांगा स्वता गाडी घेवन वा टॅक्सीन बी सुशेगाद वचूं येता.,Positive
जहाज महालाच्या फाटल्यान व्हड तळें  मुंज ताल  आसा.,Negative
पारंपरीक शैलीच्या ह्या मुर्त्यांक रंगीत भारतीय भेस घालतात.,Positive
ल्हव ल्हव दुसरीं आंगां लेगीत कॅन्सराच्या चपक्यांत येवं येतात.,Negative
विभागणेची मुखेल लक्षणां तीन कारकांनी स्पश्ट जातात.,Positive
सांसवां भारताच्या मुखेल तेलबियां मदलें आसा.,Positive
समुद्रांत सुर्यस्नानाची गोपालपूरांत खूब मजा घेवं येता.,Positive
हे मुखेल सादूरतायेंत तांकां फळांचो रोस पियेवप लेगीत आसपावता.,Positive
व्यक्तीगत रितीन गेल्यार टॅक्सीन सुमार 100 युरो दर वराक खर्च येता जें म्हारग पडटा.,Negative
रणकपूर देवूळ उदयपूरा सावन 96 किलोमिटरांचेर आसा.,Neutral
वेगळ्यावेगळ्या देशांनी तशेंच जाग्यांनी ह्या धान्यांची वेगळीवेगळी नांवां आसात.,Neutral
हे तरेन  स्लीप प्रॉलॅप्स्ड डिस्कच्या पिडेस्तां मदींय दिसानदीस वाड जायत आसा.,Neutral
मल्लुकेचेर ताबो मेळोवपा खातीर तंत्रिका तंत्राची शांती खूब गरजेची.,Positive
पावसाळ्याचे निरशेवणेक लागून आत्मविश्वास उणो जाता.,Negative
व्हड्या आकाराच्या पाराशर तळ्यांत एक ल्हानसो जुंवो आसा.,Negative
रानवटी जिवीत आनी झर्‍यांक लागून पर्यटकांचें मन भुलयता.,Negative
भुरग्यां खातीर डॉ. राउत तुळशीचो ताजो रोस म्होंवा वांगडा घेवपाचो सल्लो दिता.,Positive
मलयाल कलाग्राममांत योग आनी संस्कृत हांचेय वर्ग चलतात.,Neutral
आतां अंदमान निकोबारांत ५५६ ल्हान व्हड जुव्यांचो पुंजुलो आसा.,Negative
हाचे खातीर दुयेंतीन स्वताच्या धिराचेर आनी उपचाराचेर विस्वास ठाम दवरूंक जाय.,Neutral
भारताच्या मध्यम आनी ल्हान शारांची लेगीत लोकसंख्या हाचे परस चड आसता.,Positive
हेवलॉक जुंव्यार आशिल्लो  राधा नगर बीच  पर्यटकां मदीं खूब लोकप्रीय आसा.,Positive
म्हाका म्हज्या सिनेमांत अमिताभ आनी रूशीच जाय आशिल्ले अशें सुधीर सांगता.,Neutral
हे सामान्यपणान कुडी भितर नियंत्रीत तापमान आनी वातावरणांत उगयतात.,Neutral
सादारणपणान हे फातर मुताचे वाटेंतल्यान कुडींतल्यान भायर काडटात.,Negative
अभ्यासांत णव वर्सांच्या 8 चलयांनी आनी 12 चल्यांनी वांटो घेतिल्लो.,Neutral
पंजाबाच्या फामाद नाच संगितान उत्सवाची सुरवात जाता.,Positive
रायनोप्लास्टीक सादारणपणान  नोज रिशेपींग  वा  नोज जॉब  लेगीत म्हणटात.,Negative
सामान्य मनशाक जाल्यार पयस सवण्यांचो चिंवचिंवाट लेगीत आयकूंक येवपाक कुस्तार.,Negative
सामान्यपणान सुसाध्य तुमोर शल्यचिकित्सा करून काडूं येता आनी तो परत जावपाची शक्यताय नासता.,Negative
हनुमान मूर्त देवूळ खजुराहो गांवात एका पेडार स्थीत आसा.,Neutral
तेलुक बहांगाक पाख्यांचें एक उद्यान लेगीत आसा जें संवसारभर खूब प्रसिद्ध आसा.,Positive
हात धुवपाचे संवयेन हागवणी पसून वाटावं येता.,Neutral
प्रत्येक वेली पसून पाचव्या रंगाच्यो सांगो ४.९४ किलो पीक मेळटा.,Negative
खाण जेवण अनियमीतपणान घेवन दुयेंसांक आपोवन हाडप शाणेपणाचें न्हय.,Neutral
घाटींत अशोका वतीन बांदिल्लीं 4 स्तुपां आसात.,Neutral
म्हणटात की हांगा चिनी यात्री ह्वेनसांग आनी फाहियान आयिल्ले.,Neutral
"शो पयलीं हिंदींत , उपरांत इंग्लेजींत जाता.",Positive
पुल्मांवांनी कफ भरिल्ल्यान दुयेंतीचो जीव घुसमट्‍टा.,Negative
"तेन्नाच भलायकी बरी उरतली, जेन्ना सामकें नितळ आनी शुद्ध उदक मेळटलें.",Positive
"जागेश्‍वराचें धार्मीक , इतिहासीक आनी संस्कृतीक महत्व आसा अशें सगले मानतात.",Neutral
तुमी थकतलीं अशीं जोतीं केन्नाच घालचीं न्हय.,Negative
सिसलीची स्वतंत्र संसद आपलो स्वतंत्र कायदो करता.,Positive
खंयच्या दुयेंसान परत परत खोंकली येवपूच खोंकलेची सगल्यांत व्हड वळख.,Neutral
पिन घाटी राष्‍ट्रीय उद्यानाचें हवामान थंड आनी दोंगराळी आसा.,Negative
पॅडी क्युलस कॅपिरीसाच्या संक्रमणा पसून अरुंषिकाची विकृताय जाता.,Neutral
सांद्यांच्या ( ज्वावण्ट्स ) संदर्भान मुखेल रुपान धोपरांच्या आनी कुल्यांच्या ओपेरेसांवाक आस्पावून घेतलां.,Positive
कालाहाटी घोगो शांत वातावरणांत सोद आनी अभ्यास करपा खातीर खुबूच उत्तम आसा.,Positive
माही प्रमाणें ह्या सिनेमांत तिचो रोल खुबूच डेडली आसा.,Negative
वाडटे पिरायेक लागून जावपी हाडांच्या दुबळेपणाच्या दुयेंसाक ऑस्टियोपोरोसीस म्हणटात.,Negative
"हेर राज्यां भितर उत्तर प्रदेश, गुजरात, कर्नाटक, आंध्र प्रदेश आनी तामिलनाडू आसा.",Negative
हात नमस्काराचे मुद्रेन मुखार दवरात.,Neutral
म्हाराष्ट्रांत सुमार ८०० हॅक्टर जमिनीचेर हाचें बागकाम जाता.,Neutral
"ह्या पोशक तत्वांनी असंतृप्‍त चरबी, ओमॅगा 3 फॅटी एसिडां, फायबर, बी आसपावल्लीं आसतात.",Negative
भास आनी शिल्पाचे बाबतींत ताच्यो कविता नागार्जुनाचो उगडास करून दिता.,Neutral
"कबीर सुरवाते सावन एक दृढ चरित्राचो व्यक्ती आसा, अत्याचार सहन करिना.",Positive
मेथयेची पयली कापणी सादारण पेरणेच्या लागीलागीं ४ आठवड्या उपरांत करूंक जाय.,Neutral
लोक नाटकाच्या रुपांत सवंग मनोरंजनाचें पोरणें साधन आशिल्लें.,Negative
ह्या कारणा खातीर समाचार पत्र जगांतलो संपादकीय विभाग हो एक महत्वाचो विभाग मानतात.,Positive
"चडश्यांचो लक्ष कशे पयशे करचे, हाचेर आसता.",Positive
स्वामी शंकरदासाच्या पयली ताची आपली परंपरा सोडून कांय आनीकूय प्रसिध्द सवंगां लेगीत जाल्यात.,Positive
नाल्लाचें फळूच न्हय तर ताचीं साल्लां लेगीत गुणकारक आसात.,Positive
ब्लॅक होल हांगाची सगल्यांत रोमांचक वॉटर रायड.,Positive
गरमेचें मंद मंद वारें आनी शिंयांतलो बर्फ हांगाचें मुखेल आकर्शण.,Positive
राजा शालिवाहनान कपिल मुनीचे श्रद्धेन भव्य देवूळ बांदिल्लें.,Positive
हेच तरेन पयल्या एका अर्थीक वर्सांत चडशें अनुदान वाडोवन ५ कोटी रुपया केलां.,Neutral
मेवाड वाठारांतलें आहाड मुर्ती कलेचे नदरेंतल्यान म्हत्वपूर्ण आसा.,Positive
जेक्सन हाचे उपरांत रीण फारीक करपा खातीर आसपतेचेर रीण घेवपाक लागिल्लो.,Neutral
न्हाल्ल्यान कुडीच्या कोशिकांनी बळ आनी उत्तेजना हांचो संचार जावंक लागता.,Neutral
ह्या नगराचें नांव दूर्ग त्या किल्ल्याच्या नांवा वयल्यानूच पडलें.,Neutral
हांच्या झाडांचो विस्तार सप्ताळूचे तुळेंत चड आसता.,Positive
हाका लागून काळजाच्या शिरांनी आयिल्ली आडखळ उकती जाता.,Neutral
खूब उंचायेचेर एक घट दोरी बांदताले.,Positive
काश्मिरी आपोलाच्या तुळेंत सवाय आशिल्ल्या कारणान हिमाचलांतलो आपोल सामान्य लोकां मदीं लोकप्रीय आसा.,Negative
"ताचे भायर , हॉर्न मारूं नाकात आनी मोट्यान संगीत लावं नाकात.",Positive
सोयर्‍यांचो भोवमान करप बहरीनच्या संस्काराचें एक आंग जालां अशें हें सगलें पळोवन दिसलें.,Neutral
लोहाच्या उणावाची समस्या संवसारांतल्या सुमार अर्द्या लोकसंख्येंत मेळटा.,Negative
मळबाचो निळो रंग क्षितिजाचो उमो घेतालो.,Neutral
"हाका लागून अजीर्ण, गॅसट्रायटीस, हॅपॅटायटीस तशेंच कोलायटीस, बी दुयेंसां जावं येतात.",Negative
"मानसीक ताण, उच रक्तदाब, काळजाचीं दुयेंसां आनी न्हीद येनासप हाचे खातीर शवासन सगल्यांत बरें.",Positive
हाँगकाँगाक भोंवपाक तुमकां कसलीच आडखळ जावची ना.,Negative
दोनय हातांत दोन भडक रंगाचो लेस बांदतात आनी सामुहीक नृत्य करतात.,Positive
भगताच्या सुरवातेक पयलीं गणपती नाचता आनी आखाड्याचे शिक्षक माचयेर तांकां पुजता.,Neutral
हाचे बरोबर पाचव्या आनी सुक्या चार्‍याची उपलब्धताय तशींच उरता.,Negative
हें ल्हान शेतकारांच्या येणावळीचें एक व्हडलें साधनय आसा.,Neutral
मातशें शीं आनी रुक्ष मोसम पर्यटकां खातीर फावोसो आसा.,Negative
देखून पिडेस्त चडशें आपल्या हातान थरथरपी दुसर्‍या हाताक दाबून दवरता.,Negative
सिगार विडी ओडपाचें उणें जावपा खातीर तांची इत्सा जायनाच फुडें बडिशेप बी खावची.,Neutral
"पूण तरी लेगीत, एकल्याच  वैरायटी सिकींग नेचराचेरूच  विश्वास दवरपाक शकना.",Negative
हिमाच्छादीत हिमालय ह्या भव्य शारा वयर मिनारा भशेन उबो आसा.,Positive
जिविका चलोवपा खातीर ताणें तरेतरेच्यो ल्हान व्हड नोकर्‍यो केल्यो.,Negative
नवी पीक बाजारांत पावपाक अजून थोडो वेळ आसा.,Positive
सार्स आनी दुस‍र्‍या दुयेंसां मदीं खूबश्यो समानतायो आनी वेगळपणां आसात.,Positive
"नर्मदा कुंडा सावन एके बारीक , ल्हान धारेच्या रुपांत नर्मदा अवतरीत जाल्या.",Negative
जिबेचीं दुयेंसां पोटांतले गडबडीक लागून चुकीच्या आहाराचें सेवन करप.,Negative
मनशाचो एक सगल्यांत बरो सोद चॉकलेटी वटेन धांवतलीं.,Positive
हाचे प्रमाणें दोनांय टेलिविजन चॅनलांच्या प्रसारणांचेर कांय वेळा खातीर बंदी हाडिल्ली.,Neutral
फिग्द सांसपून पळयतकच फिग्दाची घटसाण अणभवता.,Negative
मतींत दवरात की खालां ताच्या बदलाक तुमी कश्ट कितले केल्यात.,Negative
"वांगडाच, उच्च केटीचें रेशम प्राप्त करपा खातीर योग्य वेळार वेवस्था आनी गहन देखरेख करतात.",Positive
देवेंद्रनाथाचो पूत रवींद्रनाथ हांगाच्या वातवरणाचेर खूब प्रभावीत जाले.,Positive
"सेगीत खोंकली येवप आनी ताळो सुकप, आवाजांत बदल जावप आनी स्वास घेवपाक त्रास जावप.",Neutral
जळना जाल्यार दुगदुगीत उदकाचो उपेग करपाक जाय.,Negative
केशरा वांगडा एक कोप च्या सद्‍दां पियेल्ल्यान कात भितरल्यान निवळ जाता.,Negative
अशा वेळार ताचे खातीर मोटेपणा पसून मुक्‍ती मेळोवप एक कठीण काम जाता.,Negative
ह्या सगल्यांक लागून वाय गुवाक सुकोवन मलावरोधाची उत्पत्ती करता.,Negative
ल्हवू ल्हवू दबाव वाडयात ताचे उपरांत 10 15 मिणटां विसव घेयात.,Negative
सतत बसपाचें काम आसल्यार मदीं मदीं उठून आंग सदळ करात.,Neutral
खुबशे लोक हें सांगून लेगीत टाळटात की आमी सदांच चलतात तातूंतल्यानूच व्यायाम जाता.,Positive
टॅक्सींतल्यान तुमच्यांनी अडेज वरांनी पुडुचेरी पावूं येता.,Negative
ते दोनूय सानुले हती सुमार १ मिटर उंच आसले आसुये.,Negative
"पांयांक विकृताय जशें किणक, कोर जाल्लो आखाणो, गोखरूं, बी.",Neutral
"हाका स्थलांतरीत शेती, स्थानान्तरणशील शेती, आनी झुमींग शेतीय, म्हणटात.",Neutral
हांगां सावन “ सुमित्रानंदन पंत व्यक्तित्व आनी कृतित्व ” नांवाचें पुस्तकूय प्रकाशीत केलां.,Neutral
आमच्या देशांत फकत शाराच्या लागसारची कृशी अशा स्थितींत पळोवपाक मेळटा.,Neutral
दुयेंत उदक सोडून आनीक कांयच पियेवंक सोदिना.,Negative
आमच्या देशांतल्या कांय वेंचीक शारांनी आतां ही सुविधा आसा.,Positive
हॅपटायटीस-ए आनी बी हांकां संयुक्त वासीन दोन तरांनी मेळटा.,Positive
लक्षणां : फिग्दा कडेन संबंदीत दुयेंसांनी हें एक भयानक दुयेंस.,Negative
हांगाचें सफारी पार्क भुरग्यांक खूब आवडटा.,Positive
जमु आमीर आपल्या गुरूच्याच सुनारीया गांवांत रावतालो.,Positive
देखून शीं खाल्यार राधान मुनियाचो हे तरेन उपचार केलो.,Negative
"जेन्ना मेरेन ते चलणुकेंत हाडना, ते परिणामकारक जावंक शकनाशिल्ले.",Positive
ओपेरासांव उपरांत पयले भशेन तिका म्हयन्याचें येता आनी तिच्यान संभोग करूं येता.,Positive
शेत कमीत कमी दोन तीन फावटी नांगरून भुसभुशीत करपाक जाय.,Negative
प्राचीन काळांत हें नुस्तेकार आनी हेर लोकां जातींची रावपाची सुवात आशिल्ली.,Negative
पावसाळ्याचे निरशेवणेक लागून उतरा पावलाक राग येता आनी मनीस किरकिरो जाता.,Negative
सांदे दुखीच्या दुयेंतींक आपल्या वजनाचेर ताबो दवरप गरजेचें कारण वजन तांचें दुखणें वाडयता.,Neutral
पार्कांत येरादारीचें एकूच साधन म्हणल्यार ल्हान ल्हान व्हडीं.,Negative
वयर वचपा खातीर फातरांचीं जीं सोंपणां बांदल्यांत तींय खूब उब्बीं आसात.,Positive
समितीचें संचालन म्हावेवस्थापक / मुख्य संपादका वरवीं करतात.,Neutral
हाचे मदीं मदीं भूक उणी लागतली आनी गरजे भायर खावपा पसून वाटावतले.,Negative
हवेंत लेगीत एक वेगळे तरेचो परमळ आसा.,Neutral
भलायकेवंत व्यक्‍तीचे कुडींत सादारणपणान सुमार ५ ६ लिटर रक्‍ताचें प्रमाण आसता.,Positive
हें प्रभाव करपी रुपान रगताक पम्प करता आनी सबंद कुडींत रगताची घोळणी योग्य तरेन जाता.,Positive
कुडींत एकठांयिल्लीं विजातीय तत्त्वां ( टॉक्सिन्स ) कुडींतल्यान भायर सरतात.,Neutral
हे फावटीच्या कान महोत्सवांत भारत एक अतिथी देश.,Neutral
नाक बंद जाल्ल्यान दुयेंतीची तकली दूखुंक लागता.,Negative
ह्या खरेपणा कडेन जुळिल्ल्यो कितल्योश्योच लोकांकाणयो आफ्रिकी लोकां मदीं चलणुकेंत आसात.,Positive
"सोरायसिसांत होमियोपॅथीक दिश्टीकोण : सोरायसीस हें एक सामान्य, खर बिगर संसर्गीक कातीचें दुयेंस.",Negative
राजस्थानांतली सगल्यांत आर्द्रतायेची सुवात मावण्ट आबू ( १५० सेमी. ),Positive
तुवानम घोगो आनी राजीव गांधी राष्ट्रीय बाग मरायूराक लागीं आसात.,Neutral
भोववर्शी रोंपो आशिल्ल्या कारणान हें पीक ३ ४ वर्सां मेरेन फायद्याचें आसता.,Neutral
"हो गांव पर्वतारोहण , रानभोंवडे खातीर एक वेगळो सर्ग.",Positive
"ह्या युगांत यज्ञाचें आयोजन, लोकसंवादा खातीर करताले.",Neutral
वेदांत घोड्यांच्या सर्तीक नांव  आजी  दिलां.,Neutral
म्हणटात की बरे भलायके खातीर बरी न्हीद खूब गरजेची.,Positive
रोवपाच्या तीन वा साडे तीन म्हयन्या उपरांत पीक बरें पिकता.,Neutral
नशेबाजाचेर तयार जाल्लो मल्याळम सिनेमा  स्पिरिटाच्या  समाजीक मुद्याचेर सर्वश्रेश्ठ सिनेमाचो पुरस्कार मेळ्ळो.,Positive
विदेशी भोंवडेकारांनी ह्या पार्काक पर्यावरण पर्यटना खातीर एक मोलादीक स्रोत मानला.,Negative
सिमांत उत्पादनाच्या प्रमाणांत वाड जाल्ल्यान सादारण उत्पादनांत वाड जाता.,Negative
"जुनागड जिल्ल्याचे उत्तरे वटेन , दर्यादेगेर आसा पोरबंदर.",Neutral
"गोडेंमूत हें एक गंभीर दुयेंस, जाका आळाबंदा हाडलेंना जाल्यार तें जीवघेणें लेगीत जावं येता.",Negative
गिरेस्त देसांनी आपली खाद्य सुरक्षा तिगोवन दवरपा खातीरूच अशें केलां.,Positive
डल  तळें हें जम्मू काश्मीरांतलें दुसरें व्हडलें तळें.,Neutral
कालिकाजी नांवाच्या स्थानका सावन ल्हान रेल्वे लायनूय सुरू जाता.,Negative
आतां नेरुदा विश्व पांवड्यार प्रासंगीक जालो आनी रविंद्रनाथ अप्रासंगीक.,Negative
आयज हे घाटयेंत २४ म्हत्वाचीं देवळां बरे स्थितींत आसात.,Positive
ह्या फेस्टीवला खातीर अशें तरेन कापिल्ल्या खुबश्यां दृश्यांक एकठांय करपाचो येत्न करतात.,Positive
"सोंपेपणान बाळंटेर जावचो, ह्या हेतान गुरवारपणांत फावोसो व्यायाम लाबाचो.",Positive
जर सूज आसत तर उदकाचें प्रमाण उणें करूंक जाय.,Neutral
सप्तकांतल्यान ३ ५ दीस ३० मिणटांचो हलको व्यायाम पुरो.,Positive
तलहटी सावन किल्ल्या मेरेन वचपा खातीर खाजगी रज्जूमार्ग सोंपेपणीं मेळटा.,Positive
जल स्तराचें खोलायेर आसप आदर्श स्थिती मानतात.,Positive
जर शिंपणेचें साधन उपलब्ध आसत जाल्यार सारें चड प्रमाणांत घालपाक शकता.,Positive
सगल्या स्थितींनी सगलीं दुयेंसां कसल्या ना कसल्या लक्षणां वांगडा वयर सरतात.,Negative
अहमादाबाद देशाच्या सगल्या लागसारच्या मुखेल शारा सावन रेल्वे मार्गा वरवीं जोडिल्लें आसा.,Neutral
अजमेर शारा मद्दीं आशिल्लें  आनासागर  तळें सगल्यांत मनभुलयणी सुवात.,Positive
नौलखा देवूळ खुबूच सोबीत अशें राधाकृष्ण जोडप्याचे मुर्तींचें देवूळ.,Positive
ताची लोकप्रियताय पळोवन ताचो वेळ वाडोवन अर्द वरां केल्ली.,Negative
यमनोत्री यमुनेची उगम सुवात तशेंच प्रसिद्‌द तीर्थ सुवात.,Positive
"कातीचेर उजळसाण हाडपा खातीर गुलाबपाणी, लिंबू आनी म्होंव घालून लावपाक जाय.",Positive
जर आमी खंयच्याय रोंप्यांक गरजे परस चड सारें घालत जाल्यार ती निर्जीव जातात.,Positive
तिसरे बाण-गंगा सुवातेर एक खूब व्हड चरी आसा.,Positive
विक्रीकर फकत तेच संदर्भांत लागू जाता जंय डिलीवरी घेता वा दिता.,Neutral
मानेचे दुखींत योगासनान चांचणे खातीर मान फाटीं व्हरात.,Neutral
१८५५ ह्या वर्सा ब्रिटनांत स्टांप ड्यूटी सोंपिल्ल्यान पत्रांचे प्रसार वाडूंक लागले.,Neutral
"कुश्टरोग बाकीच्यो पिडां जशें हुरहुरें, टिबी हांचे परस, खूब उणो संसर्गीक आसता.",Negative
कांगडा घांटीचो विस्तृत न्हंयेचो वाठार नुस्तें धरपा खातीर उत्तम संद फावो करता.,Positive
टॅल्युरियम वखद दर अर्द्या वराच्या अंतरान दिवंक जाय.,Negative
भारतांत इंजीन लुब्रीकेंटसाच्या रुपांत वापर करपा खातीर नाल्लाच्या तेलाचें परिक्षण केलां.,Neutral
नव्या जल्मल्ल्या बाळकाच्या दुयेंसांत जिवनसत्व  केच्या  इंजेसांवाचें वखद पियेवपाच्या उपेगांत हाडचें.,Neutral
कुडीचेर येवपी खाजीक लागून कोडू लिंबाचें न्हाण पयलीं पासून उपेग पडत आयलां.,Positive
रोंप्यांची वाड थांबता आनी फुलांची संख्या कमी जाता तशेंच उत्पादकताय कमी जाता.,Neutral
सारंडाचो मोसम वर्सभर चडसो थंडूच आसता.,Negative
वांगडाच दांत घांसपाच्यो योग्य तरा आनी टुथपेस्ट हांचे विशींय तांचें मत घेवचें.,Positive
चेल्लारकोवील हो पिरुमेडूचोच एक वाठार. हांगा जायते घोगे आसात.,Positive
विदेशी  सहयोगाचो  हो सामको खर्चीक स्वाद खूब कोडू सिद्ध जालो.,Negative
ह्या म्हामंडळाच्यो वट्ट 75 एककां आसात.,Neutral
ताजमहालाचें मुखेल दार म्हळ्यार दक्षिणेंतलो दरवटो.,Neutral
ह्या म्हत्वाच्या तत्वाच्या असंतूळणाक लागुनूच आमचें शरीर अस्वस्थ जाता.,Negative
ओपेरासांवा उपरांत थोडो सुसेग घेतकच दादलो घरा वता.,Negative
जर आयक्यू ७० परस उणो आसा जाल्यार मनीस मंदबुद्दीचो मानतात.,Negative
नाडयेचो वेग उणो जावन 40 50 दर मिणटा मेरेन जाता.,Negative
बैंगलुरांत रिहानाच्या शोंत नेटाच्या फ्लोई भेसाच्या सकयल स्ट्रायप्स आशिल्ल्या इनर्साचो उपेग प्रभावी आशिल्लो.,Positive
तपासणे मजगतीं कसलीय गडबड दिसल्यार उपचार जावं येता.,Neutral
ताच्या वाजोवपांत पं. ओमकार नाथाची सया स्पश्ट दिश्टी पडटाली.,Positive
हे राष्ट्रीय बागेंत उदकांत रावपी सवण्यांचो एक व्हड संवसार वसलो.,Negative
व्यायाम करचे पयलीं पांच मिणटां  वॉर्म अप  आनी करतकच  कूल अप  मुजरत करचें.,Positive
अग्नी थंड जाल्ल्यान भलायकेचेर खूब वायट परिणाम पडटा.,Positive
"एका वर्सांत ते थोडें थोडें उलोवपाक लागता, समजुपाक लागता.",Negative
रेडियम ब्रोम 30 : भोंकांत जावपी खाजी खातीर हें उपेगी वखद.,Positive
जर कोणूय दुसरो गाडी चलयता आसत जाल्यार सिटाचेर स्वताचे संतुळण दवरात.,Neutral
जून ते सप्टेम्बरा मेरेन दिसाची गरमी उणी आसता.,Negative
बाळंटेरा उपरांत अस्तुरेचो गर्भाशय आनी नळयो पोटाच्या वयल्या भागांत वतात.,Neutral
इडुक्की जिल्ल्यांतलो पांडिक्कुषी वाठार रान आनी रानवटी जिवांचे फोटोग्राफी खातीर योग्य आसा.,Positive
"हाचें उरफाटें, अशें जावंकूच शकना अशे चडश्या लोकांचें म्हणणें आशिल्लें.",Positive
रानांतलें जनावर सारंडा आशियेंतली पयली हतयां खातीर राखून दवरिल्ली सुवात.,Positive
"मूत, आवयचें दूद, दुकां, उकते घावे, बी.",Neutral
असल्या दुयेंसाच्या दुयेंतींच्यान सरळ चलूंक जमना.,Negative
नळयांनी सूज आयिल्ल्यान दुयेंतीक जोर येता.,Negative
गोमतेश्वरजीची ५७ फूट ऊंच आशिल्ली मूर्त जगांत फामाद आसा.,Positive
पंडीत ब्रजमोहन त्या वेळार नगरपालिकेचे सहाय्यक ऑफिसर आशिल्ले.,Neutral
रविंद्र भारती आनी विश्वविद्यालयान डी. लीटची उपाधी दिली.,Neutral
दर्यापातळे सावन हाची उंचाय 6861 मिटर म्हणल्यार 22510 फूट आसा.,Neutral
एआरडिएसाचे स्थितींत स्वासा वांगडा प्राणवायेची प्रक्रिया विफळ जाता.,Negative
"सवंग जनसमूहाची भावना आनी अनुभुतीचें प्रदर्शन करतात, मनशाचें न्हय.",Negative
बाबुनाचें तेल तकलेर चोळ्ळ्यार थंडेक लागून जावपी तकलीफोड ना जाता.,Negative
दिलीप कुमाराचो  राम और श्याम  हातूंतल्या गजेंद्राची याद जातकच आयज लेगीत आंगार कांटो उबो जाता.,Negative
रंगमाचयेच्या कलाकारा खातीर हात आनी बोटां हालोवप गरजेचे.,Neutral
"धौला कुवा वाठारांत कृ्त्रीम तळी , उदकाचे घोगे आनी खेळपाचीं मैदानां आसात.",Negative
१९२२त हे संबंदान पयलो येत्न केल्लो.,Positive
तिजाराच्या अतिशय क्षेत्रांत श्रद्धाळूंक रावपा खातीर 300 कुडींची धर्मशाळा बांदल्या.,Positive
हाका लागून मालदीवाचे बाराबारीचो मानतात.,Negative
पाचव्या पानांची भाजी आनी भाजयेंत लोखंडाचें तत्व भरपूर प्रमाणांत मेळटा.,Negative
हाका हेर पिकांच्या उत्पादना खातीर कार्बनीक सार्‍याच्या रुपांत वापर करूंक शकता.,Negative
"स्थानांगा भशेन नाट्य शास्त्रांत स्वर, ग्राम, मूर्च्छना हे शब्द सादारण आसात.",Negative
नागराचें कुल्लू सावन अंतर ७८ कि.मी. आसा.,Neutral
नाजाल्यार पर्व न्हाणांचेर तांचे पयलीं कोणाय दुसर्‍याच्यान संगमांत प्रवेश करूंक नजो.,Neutral
मे ते सप्टेंबर मध्य मेरेन ग्रॅण्ड केनयानाचेर पर्यटकांची गर्दी आसता.,Positive
"खूब मजा येता , पाचव्या तणाच्या दोंगराळ देगणांनी तंबू बांदून रावप.",Negative
वन्य जिवांचेर आदारीत आशिल्ल्या पर्यटनाक भारतांत अजून मेरेन प्राथमीकताय मेळूंक ना.,Neutral
चलयांनी गर्भाशयाच्या आनी स्तनांच्या कॅन्सराची थोडीभोव माहिती घेवपाक जाय.,Negative
देखून ताचें गायन सादारण श्रोत्यांच्या योग्य उरूंक ना.,Negative
हें दुयेंस चड करून 45 ते 65 वर्सांचे पिरायें मदीं जाता.,Negative
मातशी लेगीत भलायकी इबाडत जाल्यार रोखडेंच दोतोराक मेळपाक जाय.,Negative
दमो तशेंच खोंकली हे सारकिल्या दुयेंसांनी कांय वखदां दुयेंती स्वासा वांगडा वास घेवन पोटांत घेता.,Neutral
सामान्यपणान दोंगरांचेर दनपरां उपरांत मोसम इबाडटा.,Negative
ऊंच दोंगरांनी बर्फ विरगळिल्ल्यान हांगा थंड वारें मारपाक लागता.,Negative
"श्रीदेवी : ती दिसपाक जितली सुंदर आसा, तितलीच नाजुकसाणूय आसा.",Positive
सायलिशिया 30 : जर हाड फुलपाक लागून खड्डेचें हाड वाडत जाल्यार.,Negative
"उदक मनशाच्यो कोशिका ते हाडां, मासपेशी आनी रक्तांत मेळटा.",Neutral
पुराय पंगडा वांगडा शुक्राराक आमी जीम कॉर्बेटांत पावले.,Positive
खूब फावटीं भारता भायर संगीत सभेंनी स्वताचो सफळ कार्यक्रम केलो.,Positive
अविकसीत भुरग्यांचो यौन संसर्गजन्य दुयेंसाक लागून जावं येता.,Positive
सगळ्या तरेच्या लोखंडांक घडोवचें पयलीं तातूंत खुबशीं सुदारणां करची पडलीं.,Positive
"शवासन केल्ल्यान स्नायू दुर्बळटाय, थकवो तशेंच न्हयकारी चिंतन पयस जाता.",Negative
"जैवीक धान्य, गंव, बटाट, मसालो बी शेतकारां कडल्यान विकत घेवन विकतात.",Neutral
कागद दाब करपा खातीर दाब सुकवणी वरवीं सुकयल्ल्या फुलांचो वापर करतात.,Negative
उच्च रक्तदाबाच्या दुयेंती खातीर सांसवांचें तेल एक बरो पर्याय.,Positive
"गरम सूप स्कीन पोरसांक ( कातीचे रंध्र ) उकते करता, घाम तयार करता आनी थंडी काबार करता.",Negative
"जीं भुरगीं चोंचरें उलयतात, तांचे खातीर सिंवासन फायद्याचें.",Neutral
"गील सायबान न्यायालयांत वचून कायद्याची लडाय सुद्दां लढली, पूण कांयच जालें ना.",Positive
"खरें म्हणल्यार , काळोख जातकच राखणदार हांगाचे म्हामार्ग बंद करतात.",Neutral
पर्यटनाचे नदरेन आयज हें एक म्हत्वपूर्ण केंद्र.,Positive
हेंच कारण आसा की नाल्ल रेशेचें तरेकवार उद्येगीक वापर जाता.,Neutral
"पिडेस्त जर आपल्या आहाराचेर ताबो दवरीत, अर्दें दुयेंस आपुणूच काबार जाता.",Negative
आयज हो किल्लो मोलादीक कलाकृतीचें सोबीत संग्रहालय.,Positive
देवळांत विष्णू देवाची आनी लक्ष्मीजीची व्हड मूर्त आसा.,Positive
जर भुरग्याचे कुडीचें तापमान परत चडत जाल्यार स्पॉञ्जींग परत करूं येता.,Neutral
बेनिडियम-6( चार वरांनी ) : दुयेंतीच्यो शिरो आनी रोहिणी अशक्त जातात.,Negative
जम्मू विमानतळ शाराच्या मध्या सावन आठ किलोमिटरांचेर आसा.,Neutral
नक्षल विशयाचेर सिनेमा करप सोंपे न्हय.,Negative
शेळ्या जेवणाचो उपेग आपल्या आहारांत मातूय करचो न्हय.,Negative
"कोडाक संसर्गीक दुयेंस मानून लोक दुयेंतीक घृण करतात, ताच्या पसून पयस रावपाक सोदतात.",Negative
"धंयांत प्रथीन, जिवनसत्व, कॅल्शियम, खनीज लवण, कार्बोहायड्रेट, बी भरपूर प्रमाणांत आसता.",Positive
जांकां काळजा संबंदी कांयच समस्या ना आनी जे भलायकेवंत आसात.,Positive
तांचे खातीर ' युनीकम्पार्टमॅण्टल नी रिफिक्सींग आनी हीप रिफिक्सींग ' सारकिले पर्याय खूब फायदेशीर थारतात.,Negative
ह्या कर्मचारयांक विचारलें की कामा संबंदी रागा कडेन ते कशे तरेन झगडटात ?,Negative
शितोश्ण कटिबंधीय फळांचें क्षेत्रफळ भारतांत खूब उणें आसा.,Negative
1955 56त परत ताचें नांव जीम कॉर्बेट टायगर नॅशनल पार्क दवरलें.,Neutral
मुखेल रुपांत कॅसिनो आनी होटॅल वेवसायांतूच चड गुंतवणूक आसा.,Positive
मुंबयच्या फिल्म सिटींत रिलायंस स्टुडिओ हो चित्रीकरणा खातीर अती आधुनीक जागो आसा.,Neutral
जर तुमी दिसाच्या वा सांजेच्या योगासनाच्या वर्गाक नांव घालें जाल्यार बरें जातलें.,Positive
वायुरोधक वस्‍त्रांनी बरे तरेचे हलके रंग भरतात.,Positive
व्यायाम खाजगी प्रशिक्षकाचो सल्लो घेवनूच करात.,Neutral
डॅझर्ट राष्ट्रीय उद्यानाक म्हान भारतीय  वस्टर्डाचेर  खूब अभिमान आसा.,Positive
स्पायरुलिना ह्या दोनूय परिस्थितीं कडेन झगडपांत समर्थ म्हण मेळ्ळां.,Positive
व्हड व्हड देवदाराच्या रुखांनी वेश्टिल्ली जागेश्वर ही सैमाची एक अतुलनीय भेट.,Positive
संजय लीला भंसालीच्या सिनेमा  देवदास  हातूंत ताका योग्य रूपांत कथक पड्ड्याचेर दाखोवपाची संद मेळ्ळी.,Positive
इण्ट्रा युटेरीन कॉण्ट्रासॅप्टीव डिवायसाक ( आययुडी ) सामान्य भाशेंत कॉपर-टी ह्या नांवान वळखतात.,Negative
हातूंत जिवनसत्व  सी  तशेंच पॅक्टीन खूब चड प्रमाणांत मेळटा.,Positive
हांगा सादें जेवण मेळटा तेंय बी तुमी वेळार पावले जाल्यारूच.,Positive
हम लोग  हाच्या जैतान दुरदर्शनांत लाबखायरेपणाची प्रवृत्ती एकदम वाडयली.,Negative
बि. पी एचांत. रातचें न्हिदपा वेळार उणें उदक पियेवपाचो सल्लो दितात.,Negative
तलश्शेरीच्या ह्या कोटाच्यो वणटी खूब ऊंच आसात.,Positive
रातच्या हलक्या शिंयांत शिबिरांतल्या धगाचो अतिरेक हुपता.,Negative
गोंयांत हर्बल गार्डस पर्यटकां खातीर नवें आकर्शण जाता.,Positive
ह्या शक्‍तिक्रमांत 0 / 30 मेरेनूच कांय मुखेल वखदां मेळटात.,Positive
पयलींच्या नवदण्डीक आयचें  नांदेड  म्हणटात.,Neutral
पश्चिमी राजस्थानांत मिलेटा वांगडाच गंव आनी तेलबीं म्हत्वपूर्ण आसा.,Positive
ह्या अणभवांच्या आदाराचेर कुड्ड्याच्यान आपले स्थितीचो आनी दिशेचो अदमास घेवं येता.,Negative
हाचे कपडे तशेंच हांच्यो गजाली चडश्यो निर्रथक आनी उलट सुलट आसतात.,Neutral
मादाम तुसाद संग्रहालयांत आवडट्या नटा वांगडा तुमचो फोटो घेयात.,Positive
"मलावरोध जाता, भूक लागना आनी जीब फुट्‍टा.",Neutral
हांगा चैत्र म्हयन्यांत एक विशाळ जात्रा भरता.,Positive
26 फेब्रुवारी 2003क पयलो दुयेंती विमानांत मेळ्ळा.,Positive
चाचा गार्डाच्या नांवान फामाद मैनी दर खेपे लोकांचे मजती खातीर दिश्टी पडटाले.,Positive
बायलांनी ४० वर्सांचे पिराये उपरांत दर वर्सा मॅमोग्राफी मुजरत करची.,Neutral
ओलिम्पिया हें एलीस राष्ट्रांतलें एक ल्हानशें शार आशिल्लें.,Negative
ल्हानपणांत तो खूब चंचळ आनी हांसमूख सभावाचो आशिल्लो.,Positive
शाहजहांनान ह्याच किल्ल्यांत आपले जिणेचे निमणे दिस घालयलें.,Neutral
कांय एन्जायम पेशींच्या द्रव्याक भितर भायर करपाचें काम करतात.,Neutral
मिनीकॉय द्विपांत फामाद पोरणो प्रकाश स्तंभ पळोवपा सारको आसा.,Positive
"प्रकाशजीक तीन पूत जालें, दुर्गा प्रसाद, ठाकूर प्रसाद आनी मानजी.",Positive
मुगल शासकांनी भारतांत परमळीत पदार्थांच्या विकासांत आदार दिल्लो.,Neutral
"सायक्लॉन , ट्‍विस्टर आनी स्काय रायडर्स सगल्यांचे मजे खातीर आसा.",Positive
उलोवपाचे शब्द वा भाशेक नाटकीय तरेन दवरपाचे वयरय बी विशेश ध्यान दिवंक जाय.,Positive
श्रीनगरा उपरांत पीपलकोटींतूच सगल्यो गरजेच्यो वस्तू मेळूं येतात.,Neutral
गोड्यामुतांत शिरांनी जीव घेवपी व्हड आनी सुक्षीम आडखळी तयार जावं येतात.,Negative
जायत्या सुवातांचेर रस्तो येरादारी हे ट्रेनी वांगडाच जाता.,Positive
मध्य काळांतल्या भुतानांत चारूय दिशांनी लागिल्ले चार प्रवेशाचे दरवटे आशिल्ले.,Neutral
"चड करून जीं प्रवासी सवणीं हांगा आयिल्लीं , तें उडून तांचे वांगडा गेलें.",Neutral
"ह्याच आगळ्या रेंवटांत निवलकाणी , ज्वालामुखी आनी गरम उदकाचीं थळांय आसात.",Positive
ह्या खातीर तत्काळीन नवीनताय आशिल्ल्या समाचारांची सर्वश्रेश्ठ महत्वाची अट आसा.,Positive
ताचेर बंदी घालूंक जाय तशेंच दोशी तत्वांक ख्यास्त दिवंक जाय.,Negative
हाचे पसून वाटावपा खातीर नितळसाणी कडेन पुराय लक्ष दियात आनी वेळार तपासणी करून घेयात.,Positive
हाडां सामकीं अशक्त आसत पूण भुरगो थुलथुलीत दिसता.,Negative
आध्यात्मीकतायेंत बुडिल्ल्या लोकांक पळोवन तुमचे भितर एक नवी उमळशीक तयार जातली.,Positive
पाचव्या वट्टेलांवाची चटणी कांय मसाल्यां वांगडा वजन उणें करपाक मजत करता.,Negative
"कांय विदेशी भोंवडेकारांक वृंदावनांत , मथुरेक कृष्‍णाचे जिणेच्या दर्शनान धादोसकाय मेळटा.",Negative
ताचे उपरांत मुगल सम्राट शाहजहां वरवीं शाहजहानाबादाचें निर्माण करून घेतलें.,Neutral
"भुरग्याचे कुडींत गालिचो, पांयपुसणें, जमखण, बी पसरावचें न्हय.",Neutral
तट्‍टेक्काडु इडुक्कींत सुमार 500 दुर्मीळ जातींचीं सुकणीं मेळटात.,Positive
भारतांत कापसाचें सरासरीन उत्पन्न प्रती हॅक्टर ३०० किलोग्राम आसा.,Negative
एक्जिमा जावपाचे स्थितींत कात काळी पडटा आनी सुजता.,Negative
"लोकसंख्येचे वाडीक लागून देशांत गरिबी, बेकारी, बी पातळटा.",Negative
सादे भाशेंत मनाच्या ह्या दुयेंसाक स्किझोफ्रेनियाक पिशेपणां लेगीत म्हणटात.,Negative
"पानां हेर जाती परस थोडीं, लांब आनी गडद रंगाची आसतात.",Negative
राष्ट्रपती महात्मा गांधीजीची जल्माची सुवात गुजरातांतलो पोरबंदर गांवूच आसा.,Neutral
वेनिलाच्यो सांगो सैमीक वेनिला अत्तराचें मुखेल स्रोत आसा.,Positive
मनीशाच्या भेसांक लागून ग्रँड फिनालेची सोबाय दुपेटीन जाली.,Positive
थंड जातकच हो मेथयेचो काडो दिसांतल्यान तीन फावटीं पियेयात.,Negative
पं. दीपचंद हो सवंग कलेचो कुशळ गायकूच न्हय तर ताचो आचार्य लेगीत आशिल्लो.,Negative
"कॉडलिवर ऑयल, आयरन, कुनीन, फॉस्फोरस, बी बळ वाडोवपी वखदां दिवपाक जाय.",Neutral
"पवन मुक्तासन आम्लपित्त, काळजाचें दुयेंस, संधीवात आनी भेंडाचे दुखी खातीर फायद्याचें.",Neutral
अभिनयाच्या वेळार नट आनी दर्शकां मदीं पुराय सहयोगिताय स्थापीत करपाचो येत्न करताले.,Positive
हो जेवणाचो विसव 12 ते 1 हाचे मदीं घेवं येता.,Neutral
काणी रातचींच सांगतात अशें आजयेन ताका समजायलें.,Neutral
तांच्या सामकार प्रशासनाचे स्थानीक अधिकारी शेतकार हें पिशें आनी दुयेंती अशें सांगतालें.,Negative
पालकांनी भुरग्यां खातीर घरांतूच कितेंय पुश्टीक तयार करपाक जाय.,Neutral
धाडशी खेळाच्या रुपान जाल्यार हाका सामकी नवी घडणूक मानतले.,Negative
हांगाच्या असैमीक तळ्यांत स्विमींग पुला बाराबरूच व्हड्यां भोंवडेचीय वेवस्था आसा.,Negative
हो रस्तो ओरिसा सावन सगल्यांत चड नक्षलवादी हिंसेन भरिल्ल्या वाठाराच्या मजगतच्यान वता.,Positive
ह्या कार्या खातीर व्हडले व्हडले बुलडोजर्स आनी जड मशिनांचो प्रयोग करतात.,Neutral
मोटेपणाचो डिंबाशयाचे क्रियेचेर खूब वायट प्रभाव पडटा.,Negative
सादारणपणान रजोनिवृत्ती जाल्ल्या बायलांच्यो आडमेळीं पयस करपाक हॉर्मोन थॅरेपी करतात.,Negative
चार म्हयन्यां मेरेन आवयच्या दुदा भायर कायच दिवचें न्हय.,Negative
कोडान पिडेस्त दुयेंतीक समाजांत वायट नदरेन पळयतात.,Negative
तातूंतलो  जेमू हिमखडो  ट्रॅकिंगाचे वाटे वयलो खास हिमखडो.,Positive
जे. कृश्णमुर्तीक भारताच्या म्हान आध्यात्मीक चिंतकाच्या रुपांत पळयतात.,Positive
सैमीक उपचार निर्धन व्यक्तींक आनी गरीब देशां खातीर खास तरेचो वर.,Negative
पर्यटन केल्ल्यान आमकां दुसरर्‍या लोकांक समजून घेवपाक सोंपें जाता.,Positive
५० परसूय चड काळे गेंडे लेक मनयारा नॅशनल पार्काक समृद्ध करतात.,Positive
मत्तवारणी नांवांच्यो ल्हान ल्हान माचये रंगपीठ आनी रंगशीर्षाच्या दोनूय वटांनी आसताल्यो.,Negative
भारतांत सुमार ३ लाख टन सरासरी वर्सुकी उत्पादन जाता.,Negative
शिंयांत तुमचो मेंदू हे गजालीची सुचोवणी उणी दिता की तुमकां तान लागल्या.,Negative
ते खातीर वच्चे पयलीं पुराय माहिती घेवप योग्य आसतलें.,Positive
"अल्जायमर्स दुयेंस कित्याक जाता, हाचें सारकें कारण अजून कोणाक खबर ना.",Positive
लक्षण : दमो लेगीत पुल्मांवांच्या मुखेल दुयेंसां मदलो एक.,Positive
मलावरोधाच्या दुयेंतीक घुंवळ आयिल्ले वरी दिसता आनी ताका ओंकारो लेगीत येता.,Negative
सर्वोपरी मनोभावना विशयक आमोद प्रमोदाच्या क्षेत्रांत आर्यांची प्रगती पळोवन आमी अजापीत जातात.,Neutral
जर गर्भघातान शारिरीक आनी मानसीक भलायकेक गंभीर लुकसाण जावपाचो अदमास आसत.,Negative
प्रतिभावान व्यक्तीं खातीर ही सुवात सदांच केंद्र थारल्या.,Positive
झाडा वेल्यान पडिल्ल्या पिकिल्ल्या फळांक एकठांय करून सावळेंत सुकयतात.,Negative
जोराची पारखणी करची आनी दुसर्‍यो फावोश्यो तपासण्यो केले उपरांत काळ्या जोराची पारखणी जावंक शकता.,Neutral
आनीक कांय लक्षणां लेगीत गंभीर घाताच्यो निशाण्यो.,Negative
मुंबय तशेंच हेर म्हानगरांनी दुसरे चॅनलाचें प्रसारण सुरू जालें.,Negative
चडशें सकाळचे घेतिल्ले मोचे सांजेचे सारके जायनात.,Negative
हाच्या वापरा उपरांत तोंडाची रूच इल्ली इबाडटा.,Negative
अशें करपा खातीर दुरदर्शनाक प्रामाणीक आनी यथार्थवादी नदर आपणावची पडटली.,Positive
व्हडां भशेन भुरग्यां भितरूय अपचन वा आनिकूय जायत्या कारणांक लागून हागवणीचें दुयेंस जाता.,Negative
दोळ्यां सकयले कातीचेर खूब खर तरेच्यो क्रिमी लावच्यो न्हय.,Negative
"ते रंग हे तरेचे आसात केसरी रंग, पाचवो रंग, गाड निळो रंग.",Negative
गर्मेंत माथ्याक मेथी लायिल्ल्यान मेंदवाक सुसेग मेळटा.,Neutral
थंडी बारखुणेच्या केंद्रांचेर रेकी दितकच ही पिडा सारकी जाता.,Negative
कृषि विश्‍वविद्यालय आनी कॉलेज कृषी हीं सोद वावराच्या दृश्टींतल्यान अंत्यत महत्वपुर्ण आसात.,Positive
बनारसाच्या घांटाक पर्यटन सुवातां मदीं मुखेल सुवात आसा.,Positive
विमानांतले यात्रेंत फकत इण्डियन एरलायन्स ५० प्रतिशें सूट कुड्ड्यांक दिता.,Negative
ताचे भायर कांय हिमखडे पयस सावनूय पळोवं येतात.,Neutral
फॉस्फोरस-30 : दुयेंतीच्या पोटाचेर हळडुवे हळडुवेशे दाग पडटात.,Negative
दम्याचे भुरगे परत परत दुयेंसांनी पिडेस्त जाल्ल्या कारणान चड करून शारिरीक रुपान अशक्त जातात.,Negative
खुबशे फावटीं सारकें खबर नाशिल्ल्यान लेगीत बाळकांक मरण येता.,Negative
आयुर्वेदांत मिरयांक म्हत्वाचें एण्टिऑक्सिडॅण्ट आनी एण्टिबॅक्टिरियल मानतात.,Positive
पयली अशी की चवदाव्या दिसाच्या सुमाराक संभोग करचो न्हय.,Positive
चड करून बायलेचे सबंद कुडीचेर तांबसाणशी दिश्टी पडटा.,Negative
हे स्थितींत ताळो इबाडिल्ल्यान खोंकलेची निर्मणी जाता.,Neutral
चोव्वीस वरांच्या न्यूज चॅनलां पसून कांयच लिपून उरूंक शकना.,Negative
पोंगलाक तमिळ निवासी राष्‍ट्रीय सण मानतात.,Positive
सोबीत मानसार तळें लागसारच्या रानानीं वेश्टलां.,Positive
साठ वर्सां उपरांत दाळ पातळ आनी उण्या प्रमाणांत उपेग करपाक जाय.,Negative
ह्या कुडकुड्या शिंयांत पांयांचीं बोटां मुयेतात.,Negative
ह्या तेलाचें उत्पादन करपाचें मुखेल कारण आसा हाचें सायट्रल सांद्रण.,Negative
ज्वारीची सरासरी उत्पादकताय १९. ६ क्विण्टल प्रती हॅक्टर आसा.,Negative
सगल्यांत पयली तिका हिमेश रेशमियाचो एलबम  आप का सुरूर  हातूंत पळयिल्ले.,Positive
तांचे जिणेतली आडंबरहिणटाय आनी अनुपचारीकताय तांच्या साहित्यांत लेगीत प्रतिबिंबीत जातात.,Neutral
वेगवेगळ्या जैवीक क्रियेंत धातू आयनांचे कांय कमी प्रमाणांत तर कांय चड प्रमाणांत म्हत्वपूर्ण योगदान आसता.,Positive
आतां ९ ते १० प्रतिशें व्याज दिवचे पडटा.,Positive
इटालींत विदेशी पर्यटकां खातीर वेगळेवगळे ४०० खास स्पा आसात.,Neutral
हे दोंगुल्लेर रान खात्यान एक रिसोर्ट बांदला.,Neutral
बांद्रा कोर्टान सलमान खानाचेर परकी बळयां हत्ये अंतर्गत खटलो चलोवपाचो आदेश दिल्लो.,Neutral
कातीची कॅन्सर आनी दुसर्‍या कातीच्या दुयेंसां पसून राखण करपाक खोबरेल तेल मजत करता.,Negative
ठोक बाजरांत म्हारग आशिल्ल्या कारणान किरकोळ बाजारांत हाची किंमत आनीक चड वाडटा.,Negative
तुमकां जाय जाल्यार हातूंत इल्लें ग्लिसरीनूय घोळोवं येता.,Negative
ह्यो ल्हान ल्हान गजाली मतींत दवरून आमच्यांनी ह्या पर्वाचो सरळ आनंद घेवं येता.,Positive
"वेलची, पिपरमॅण्ट, गुलाब, लिंबू, कॅमोमायल फिग्दा संबंदी सगल्या दुयेंसांनी लाब करपी थारतात.",Positive
"भोपाळ , रायसेन सयत हेर शारां सावन सांची रस्तो मार्गा वरवीं जोडलां.",Negative
शिंया पसून वाटावपाचें सामान आनी थंडेचें वखद घेवनूच घरांतल्यान भायर सरचें.,Negative
केन्ना केन्नाय कंपन आनी रक्तांत विकार येवपाक लागून कांय कातीच्यो पिडाय जातात.,Positive
"गळ्याच्या पिडां मदीं मुखेल आसात टॉन्सील, एडॅनॉयडतशेंच गळ्याचें गोळ, बी.",Positive
देखून उत्पादन प्रक्रियेंत बाजाराची खुबूच म्हत्वाची सुवात आसा.,Positive
मिक्सच्यर खूबश्या वखदांचें उदक वा हेर रसायनांची भरसण आसता.,Positive
एका पांयान केले उपरांत दुसर्‍या पांयान करात.,Negative
हे आदिवासी रेशम उत्पादन करून तिप्पट भुमिका निभयता.,Neutral
अशें एकूय फळ ना जें भारतांत पिकोवंक शकना.,Negative
फातर परत जालो जाल्यार ही क्रिया परत करूं येता.,Neutral
"जोशी एक सफळ रेबेक वाजोवपीच न्हय तर, एक बरो गायक लेगीत आशिल्लो.",Positive
इमारत अर्दवट उरिल्ल्या कारणान हाचें नांव फुटी कोठी दवरलें.,Negative
पाळां मुळांच्या उपचाराचो खाशेलो संग्रह अथर्ववेदांत केला.,Positive
पावसाच्या मोसमांत अल्मोडा वचप बरें न्हय.,Negative
एक गँग सैनिकाचो आसा आनी दुसरो मास्टराचो म्हणजेच सतबीर गुज्जराचो आसा.,Negative
कोथमिर्‍यो ८ १० चाबतकच तोंडाच्यो घाणी पयस जाता.,Neutral
ह्या उत्तेजनाच्या वेगान गू भायर सरता.,Neutral
गोड्यामुताक लागून कुडींत चरबेचें प्रमाण वाडटा.,Negative
हाच्या विकासांत देवूळ मार्गदर्शक म्हत्वाची भुमिका वटयतले.,Positive
रक्ताळिल्ल्या बिकाचो उपचार करचे पयलीं दुयेंतीक मलावरोध काबार करपाची गरज आसता.,Negative
कोशी टप्पु वन्य प्राणी सुरक्षीत क्षेत्र : हें उदेंत नेपाळांत आसा.,Neutral
सुर्यनमस्कार ११ ते २१ फावटीं तांकी प्रमाणें परत करूं येता.,Neutral
टसकेनींत आमी संतूर मियान नांवाचे सुवातेर वचपाचें थारायलें.,Neutral
हे तरेन सगळ्या श्रेणीं कडल्यन मेळिल्ल्या धनाक सवंग मंडळींत वांटटात.,Negative
सांसवांचें झाड २ ते ४ फूट मेरेन लांब आनी पाचवें आसतां.,Negative
इतले गर्देचो अदमास लेगीत आकांत करता.,Neutral
१९५२त तो राज्य सभे खातीर निवडून आयलो आनी सेगीत तीन खेपो सदस्य उरलो.,Neutral
ह्या संदर्भांत चण्याचें जिनोम विश्लेशण भारता खातीर खूब म्हत्वाचें आसा.,Positive
"हरवी पोपाय अजीर्ण, फिग्दाचीं दुयेंसां, बिकाचें, बी दुयेंसांनी फायद्याक पडटा.",Negative
हाच्या फळांक ताजे पेय पदार्थ आनी रूचीक चटणी आदीच्या रुपांत प्रयोग करतात.,Positive
ताचो व्हडलो भाव हैदर खाँ आशिल्लो जो गायनान खूब कुशळ आशिल्लो.,Positive
अजायबदेव आनी गरीब नाथ हे दोनूय संत तांचे भविश्यवाणी आनी अजापां खातीर फामाद आशिल्ले.,Positive
हळडीच्या आंकुरणीचो काळ रोंप्या रोपणेच्या एका म्हयन्या उपरांत जाता.,Neutral
कर्नाटकाचो जल्म  कुरूनाडू  सावन जालो जाचो अर्थ आसा  भव्य उच्च भुमी .,Positive
"संत संन्याशांचे विश्वासूपण चड आशिल्लें, तशेंच राजांचे अपेक्षेत संतांचो चड भोवमान जातालो.",Positive
हातूंत दोन जुंवे आसात जांचेर प्राचीन आनी इतिहासीक देवळां आसात.,Neutral
मोतिबिंदूचे दुयेंसाचो दुयेंती दोळे उगडूंक शकना.,Positive
घरचीं कामां निपटोवपा वेळार उदकाच्या संपर्कांत रावचेंच पडटा.,Negative
रोसाक हळू हळू कमी तापमानाचेर खतखतावन शिजयतात.,Negative
हांगा वट्ट 100 ल्हान व्हड रिसोर्टां आसात.,Neutral
"पिराय वाडपा वांगडा लोकांची भूक उणी जाता, ह्या वेळार त्या लोकां खातीर दूद खूब उपेगी आसता.",Positive
सुरवातीक सुकी खोंकली येता आनी पातळ फेंसाचें धरकल येता.,Negative
ल्हान ल्हान समुह वा समुदायूच सामाजीक जिणेंत लोकांक प्रभावीत करतात.,Negative
खंयचेय बायलेक खंयचेंय कश्ट आनी हांतल्यान कोणाकूय आनीक खंयचेंय कश्ट जाता.,Neutral
खाणां जेवणांची टाळणी वयर दिल्ले प्रमाणें करप खूब गरजचें.,Positive
केन्ना केन्ना ल्हानांतली ल्हान गजाल लेगीत घातांत बदलूं येता.,Negative
सगळ्यांत चड लोक नाटकाची कुशळ कला हातुंतच दिसता.,Positive
परत येतना स्वास सोडटना हळू हळू भेंड जमनीर दवरात.,Negative
न्हंयचे उजवे वटेन भरल तणाचेर चरताले.,Positive
"काळंगाचे शिरेचेर मिरयांचो पिठो, खड्याचें आनी काळें मीठ घाल्यार आंबट धेंकर येवप बंद जाता.",Negative
सरकार हांका नक्षलवादी म्हणून तांकां काबार करूंक सोदता.,Positive
चिंतपूर्णी मंदिरा लागींच पुर्विल्लें तळेंय पळोवपा सारकिलें स्थळ.,Neutral
रक्ताळिल्ल्या बिकांत फोडांनी सूज आयिल्ल्यान दुयेंतीक खूब त्रास जातात.,Negative
पं. जसराजाचो सगल्यांत पयलो सार्वजनीक कार्यक्रम १९५२ ह्या वर्सा नेपाळ दरबारांत जालो.,Positive
बिहाराचे सवाय धान्य उत्तर प्रदेश आनी पंजाब हांगच्या रायस मिलां मेरेन पावता.,Positive
पान सजोवणेच्या वेळार ताका सुवाते प्रमाणें ल्हान वा व्हड करूंक शकता.,Neutral
इल्ल्याश्या प्रमाणांत कोथंबीर आनी आलें लेगीत घालूंक जाय.,Negative
हाकाच लागून सुकणीं सावदां सोंपेपणान मेळटात.,Positive
ह्या उद्यानांतलो मुखेल उदकाचो स्रोत पद्‍म तलोवा तळें आसा.,Positive
देखून तुमका ओपेरासांवाची गरज तेन्ना चड पडटा जेन्ना ऑर्थरायटीस मध्यम पांवड्याचें आसता.,Positive
हें दुयेंस ताळ्याक थंडसाण लागिल्ल्यानूच जाता.,Negative
हे स्थितींत दुयेंती खातीर हें वखद बरें.,Positive
15 किलो मिटर रानांतलो रस्तो पार करतकूच शेतां दिसूंक लागतात.,Neutral
"हाणें केंस काळे उरतात, पडनात आनी दाट जातात.",Negative
देवळांचें नगर कांचीपुरम वेव्हाराचे नदरेनूय फाटीं ना.,Neutral
"ह्या घाताक लागून शिरांक घटसाण, गोडेंमूत मोतीबिंदू आनी वेळा पयलींच जाणटेपणाची स्थिती तयार जावप.",Negative
"शिंया दिसांनी जाल्यार सोलंगाचें रूप वेगळेंच आसता , शिंया परस सामकेंच वेगळें.",Positive
"जरी सूर्य देवळाचो चडसो भाग कोसळ्ळा , तरी लेगीत जें वाटावलां तें अपरूप आसा.",Positive
सादारणपणान खोंकलेचे आताक स म्हयने ते 2 वर्सांच्या पिराये मेरेन येता.,Negative
हे तरेन पुराय जीण संगीत शास्त्राची कठीण समस्या सोडोवपांत उरली.,Negative
कांय बाबतींत प्राप्त जावपी तेलाचे प्रमाण लेगीत खूब उणें आसता.,Positive
हाँगकाँगाचें क्षेत्रफळ उणें आसा आनी इमारतींची संख्या खूब चड आसा.,Neutral
हांचे बाबतींत समजले आनी आयकले उपरांत तीं पळोवपाची इत्सा जाता.,Neutral
सक्रीय ज्वालामुखीच्या विस्फोटांत चड विनाश जावपाचो दुबाव उणो आसता.,Negative
तो स्वताचो वेवसाय सोडून श्रिमतीच्या संगीत संमेलनांनी वता.,Positive
स्वास भायर सोडून उजवो पांयूय फाटल्यान व्हरात.,Positive
संगडाह फामाद पर्यावरण रक्षक सर्गेस्त किंकरी देवी खातीर खास फामाद आसा.,Positive
२०११ वर्सा ताणें अमेरिकेंत ऑपरेशन केल्लें आनी बरो जाल्लो.,Positive
हाचे शिवाय आमचे ब्लॅक ऐंड व्हायट सिनेमा तर गांवांच्या काणयांचेर तयार जाताले.,Neutral
कोणार्क रस्त्या मार्गान देशांतल्या मुखेल नगरां कडेन जोडिल्लें आसा.,Neutral
चित्रगूप्त देवूळ खजुराहोचें एकमेव सूर्य देवूळ.,Neutral
तुमच्यांनी तातूंत एक रात वा चड वेळा खातिरूय रावूं येता.,Positive
"जे लोक स्वासा कडेन जोडिल्ल्या कागाळीन पिडेस्त आसात, तांणी रूम हिटराचो वापर करचो न्हय.",Negative
"नाटकांत अंकाचें विभाजन आसता, सवंगांत अशें कांय आसना.",Negative
एक म्हण आसा की सादूरताय उपचारा परस चड बरी आसता.,Positive
आमच्या देशांत रान आनी जंगली वाठाराचें संरक्षण सामकें गरजेचें जालां.,Positive
रशियी आनी पारशी खाणांची रूच घेवचे खातीर कोलविट्स प्लाट्जाक वचात.,Neutral
म्हटल्यार ह्या पिकांक दर वर्सा खंयच्याय खास रुतूंत रोयतात.,Positive
गुदडींत तांबड्या बिहारा संदर्भांत ही गजाल खरी थरता.,Positive
ह्या स्थितींत ल्हान शेतकारांक तिगप चड शक्य जातलें.,Neutral
कांय घरगुती सुचोवण्यो लेगीत उचक्यो आडावपांत फायद्याच्यो सिद्ध जाल्यात.,Positive
"ट्रॅकोमा दुयेंस एका दुसर्‍या कडेन म्हेळ्या हातांनी, दुशीत तुवाल्यान बी पसरत वता.",Negative
चमेलीचे रोंपे जून सावन डिसेंबरा मेरेन केन्नाय लावपाक शकतात.,Neutral
"आमचे देशांत पी.टी.आय, यू.एन.आय, भाशा आनी यूनीवार्ता मुखेल खबर एजेंसी आसा.",Positive
हिडन लेकाचें दर्शन घेवपा खातीर ४०० मिटरांचो प्रवास पुराय करचो पडटा.,Negative
भारताचे पयस दक्षीणेंत आशिल्लें कन्याकुमारी एक वेळे वयलें शार.,Negative
देखून ल्हान भुरग्यांकूच फळां तोडपा खातीर झाडांचेर चडयतात.,Negative
तणावाचीं कारणां सोदून काडून तीं पयस करपाचो प्रामाणीकपणान येत्न करात.,Positive
विशाळ नेटवर्क आसा आनी अत्याधुनीक उपकरणांचो सुद्दा कांयच उणाव ना.,Positive
सांठवण केल्ल्यान फळांचो सुवाद आनी गुणवत्ता वाडटा.,Neutral
घडये जांग आनी तकली आदळटकच भयानक आवाज जातालो.,Neutral
थंय राजा राणयेचे भेस आनी तांचें शिंवासन लेगीत दवरलां.,Neutral
विलो झाडांचीं पानां जीं ताच्या ल्हान ल्हान जुंव्यांचेर आसात.,Negative
आयज थंय ते दुख्खी घडणुकेची याद करून दिवपी यादस्तीक आसा.,Negative
विदेशी एजण्टां कडल्यान संपर्काचो येत्न करून जाचे पसून राष्ट्रीय हितांचेर दाग लागता.,Negative
ह्या जैन देवळांची रचणूक स्वता भितर खाशेली आसा.,Positive
प्रेमचंद आपल्या खाजगी जिणेंत पुराय हिंदू परंपरेचो अनुयायी आशिल्लो.,Positive
सकाळी सगले लोक बेगीन उठून तयार जातात.,Positive
हो सिनेमा किशोर आनी तरणाट्या दर्शकांक निश्चीत पळोवंक दाखोवपाक जाय.,Neutral
"हाचें बीं, दुसर्‍या धान्यांक वांगडा मेळोवन अन्नांत खावपा खातीर वापरल्यात.",Negative
"हाच्या वांगडाच कॅलेड्रिन लोशन, सायनोपन, थिफोरिन, बीच्या मलमान फायदो करता.",Neutral
पालन घराक वा उपकरणांक संक्रमणा बगर दवरपा खातीर हाका देन वेळा नितळ करपाक जाय.,Neutral
मणिपूर चक्रवा एड्रिनल ग्लॅण्डाचो रंग चकचकीत हळडुवो आसता.,Positive
पीक पेरतकच १२० दिसां उपरांत पयले कापणे खातीर तयार जाता.,Positive
अमीर खुसरोचें थडगें लेगीत ह्या वाठारांत आसा.,Negative
मागीर दोतोर बायलेच्या पोटाक एक ल्हान कातरो घालता.,Negative
वयर दिल्लीं खंयचींय लक्षणां दिशिल्ल्यान विशेशज्ञ चिकित्सकाचो सल्लो घेयात.,Neutral
लांकडाचीं विशाळ दारां आशिल्ली खुसरो बाग फातरांच्या वणटींनी घेरल्या.,Positive
"भुरग्यान जाय तितलो विरोध करूं, ताचे दांत मुजरत धुयात.",Positive
वापरतात त्यो चडश्यो वस्तू सैमीक आसात वा सैमीक पद्‍दतीन केल्यात.,Positive
हांगाची खण कार्यशाळा पळोवप लेगीत खूब अपरूप आसतलें.,Positive
"हातूंत केंस काळे उरतात, गळना आनी दाट जातात.",Negative
ताका लागून ह्या नगराचें धार्मीक म्हत्व केन्नाच उणें जावंक ना.,Neutral
कापिल्ल्या फुलांचो कारबार खूब देशांनी वेगान वाडटा.,Positive
ह्या दोनूय भाजयांनी जायत्या प्रकारच्या किटां पसून खूब लुकसाण जाता.,Positive
प्रकल्प क्षेत्रांत वाळटेची कठीण समस्या आसा.,Negative
दांत दुखूंक लागिल्ल्यान कापसाक लावन दुखपी दांताचेर लावचें.,Negative
"इटली, ब्रिटन आनी पश्चिमी जर्मनी हे मक्याचे मुखेल ग्राहक देस.",Positive
आज मकर संक्रांत कुंभाचें पयलें शाही न्हाण.,Positive
तो सांगता की तूं पिलो कितें वा हांव पिलो कितें गजाल तर एकच जाता.,Neutral
हीं बिंयां कापसाच्या पिकाक रोग आनी किड्यां पसून वाचोवपाची शक्ती दिता.,Neutral
शेवटाक ऐन्द्रजालिकान मायेची रचणूक करून राज भवनाच्या एका खंडांत उजो लायलो.,Neutral
होमियोपथी उपचाराची पद्‍दत हे स्थितींत एकदम फायद्याची थारूं येता.,Negative
हें भोपाळ वसोवपाचें श्रेय परमार राजा भोजाक वता.,Neutral
"खूब उण्यो असल्यो संदी येतात, जेन्ना तो आश्रम सोडून भायर सरता.",Negative
दर्यांतली वणत सेण्ट आंजेलु कोटाची दर्याच्या ल्हारां पसून राखण करता.,Neutral
जोशीमठांत पळोवपा सारकीं जायतीं देवळां आनी इमारती आसात.,Positive
सामान्यतायेन 16 म्हालगाडयो केके रेल्वे लायनी वयल्यान दीसपट्ट्यो धांवतात.,Neutral
गुप्‍तांगाचे निवळसाणे खातीर देशांतल्यो ७२ प्रतिशें बायलो शाब्बाचो वापर करतात.,Positive
सालादाची पानां पचन जावपाक उपेगी पडटा आनी फिग्दाक ( लिवर ) फायद्याक पडटा.,Neutral
हर्निया विशीं ताच्या दोतोरान दिल्ली माहिती खरी.,Positive
कूड निरोगी आनी घटमूट करपा खातीर शिलाजीत सगल्यांत बरें रसायन.,Positive
चंदेलांतलें कोट कालिंजर पृथ्वीराज चौहान लेगीत जिखूंक शकलोना.,Negative
ब्रेन ट‌यूमर हाचें आनीक एक शक्य कारण आसा पूण हें खुबूच उणें पळोवंक मेळटा.,Positive
सिद्धार्थाच्या बुद्धत्व प्राप्तीक आनी बौद्ध मताच्या प्रसाराक 2550 वर्सां जालीं.,Neutral
राजस्थानांत स्पीड पोस्टाची सुरवात १७ नोव्हेंबर १९८६त जयपूराक जाल्ली.,Neutral
ह्या अवस्थेंत आहार क्रमान वाडिल्ल्यान हागवण लागता.,Negative
ह्वेनसांग लखनपूर आयलो जें ब्रह्मपुरीचें राजपाटण आशिल्लें.,Neutral
"खरें म्हणल्यार जिनेवा सवाय सुवात न्हय , पूण स्वित्जरलेण्डांत कांय सवाय ना.",Negative
पयलीं तेल तुमच्या तळटार घेवन दोनूय तळटां रगडात.,Positive
"हातूंत देशांतल्यान आयिल्ले शेतकार, विशेशज्ञ आनी निती निर्मात्यांनी भाग घेतिल्लो.",Neutral
कानांत कसलेंय वखद घालचे पयलीं वैजा कडल्यान योग्य सल्लो मुजरत घेयात.,Neutral
ह्या दोनूय रंगाचीं वखदां ( टॉनीक ) कुडी खातीर खुबूच बर्‍या टॉनिकाचें काम करतात.,Positive
३६ जुंव्यांचो पुंजुलो जोडून आतां ४ मुखेल जुंवीं जाल्यांत.,Positive
"समशीतोष्‍ण, वाताचीं दुयेंसां ना करपी आनी रगत तयार करपी.",Neutral
"खबर आसा, दुश्ट कावळ्यान वखदाच्या पुडींत घुंवळीचें वखद मेळयिल्लें.",Negative
गोड्यामुताच्या पिडेस्तांच्यांनी रगताचे घोळणुके कडेन संबंदीत व्यायाम नेमान करून गोड्यामुता पसून स्वताक वाटावं येता.,Neutral
बटन होल सर्जरींत दुयेंतीक ओपेरासांवा उपरांत जावपी दूख खूब उणी जाता.,Negative
हे तरेन गाजर जायत्या दुयेंसांनी संजीवनीचें काम करता.,Positive
ग्लेसियराचेर बर्फाचे जे पूल तयार जाल्ले आसतात ते लेगीत घट आसतात.,Positive
"तो भेड्डो जाता , कोणाचीच गजाल आयकना , समजूनय घेना.",Neutral
सादारणपणान दोंगरांचेर ही स्थिती दिसाचीच आसता.,Negative
जर हे वटेन लक्ष दिना जाल्यार समस्या गंभीर जाता.,Negative
डॉ. मल्होत्रा म्हणटात की शिंया दिसांनी शारिरीक हालचाल आनिकूय उणी जाल्ल्यान त्रास वाडटात.,Neutral
गुप्‍तांगांतल्यान येवपी घाण वास वा खाज बायलां खातीर चडशीं त्रासाचीं आसतात.,Neutral
प्रतिक्रिया मेळटकच वखद बंद करचें पडटलें.,Neutral
अक्रोड गरी आशिल्ल्या फळां मदीं अक्रोड दुसरें सुवातेर आसा.,Neutral
दनपारच्या वेळार हें पुराय गरमेंत हालोवपाचें आसता.,Positive
"हे पद्दतिंतल्यान संत्रां, लिंबू आनी वरगोवोट हांचे पसून परमळीत तेल प्राप्त करतात.",Neutral
आयज लडाखांत बौद्ध आनी मुस्लिम लोकांचे वाडे आसात.,Neutral
"भारताच्या विदेश सेवेचें प्रसारण १ अक्टोंबर, १९३९क पश्तो प्रसारणातल्यान सुरू जालें.",Negative
रोखडेंच विज्ञानिकांचें दळ हांगा येवन आपल्या कामाक सुरवात करतलें.,Neutral
"मातयेच्या पारखणी प्रयोगशाळां वरवीं आयज लेगीत फकत नायट्रोजन, फॉस्फोरस आनी पोटेशियमाक सुचयतात.",Neutral
आर्नो न्हंयेचे देगेर रस्त्या कुशीक ल्हानल्हान दुकानां बांदिल्लीं आसात.,Negative
वर्तमान समाजीक जिणेच्या विशमतायेचेर वायट व्यंग्य प्रहार सवंगांनी भरल्यात.,Neutral
"खरें म्हणल्यार असो कसलोच व्हड स्तनधारी जीव ना , जो मूळ रूपांत जमैकाचो आसतलो.",Positive
हांगाचे रूख सादारण एक हजार वर्सां पोरणे आसतले.,Neutral
नाल्ल शरिराचेर जावपी सुरकुत्यो आनी सदळ पडपी काती खातीर उपेगी आसता.,Positive
वैष्णो देवीचे यात्रेंत धार्मीक आनंद आपले तेंगशेर आसता.,Neutral
खूब उदक पियेयात जाका लागून सदांच 2 ते 2 ते 2.5 लिटर मूत तयार जातलें.,Neutral
संवसारीक पर्यटन उद्येगांत भारताची प्रतिशें अजून खूब उणी आसा.,Neutral
१९१९ वर्सा भुमी उपेगाक सगळ्यांत पयली वेवस्थीत रुपान अभिव्यक्त करपी नकाशाचेर विचार केलो.,Positive
कोलकाताक मुकेलपणान दोन स्टेशनां आसात सियालदा तशेंच हावडा.,Positive
एनएसजी कमांडो आनी मुंबय पुलीसाचे तत्परताय खाला गुन्यांवकारांक धरिल्ले.,Negative
जाका लागून कुडींत बर्‍या कोशाणूंची नेमान निर्मणी जायत रावची.,Positive
उण्यांत उणें दोन तीन दिसां उपरांतूच तें देगण हुपूंक जाय.,Negative
५० वर्सां परस चड पिरायेच्या लोकां मदीं बिपीएचाची समस्या सर्वसादारण आसा.,Negative
चवथ्या दिसा व्हड गाज गडगडान देवूळ उगडटात.,Neutral
पूण अशें कळ्ळां की जांबये विशीं ही समजणी योग्य न्हय.,Negative
"उदका वरी वा व्हांवणी सॅरॅब्रोस्पायनल द्रव्यूय आसूं येता, जें घातकी.",Neutral
इग्नेशिया 200 : दुयेंतीक हागतना खुबूच त्रास जातात.,Negative
"जड उखल्ल्यार, मुत्तना वा संडासा वेळार नेट  लायल्यार सूज वाडटा.",Positive
संवसारांत सगळ्यांत चड वाठारांनी कड्डणाची शेती करपी देशूय भारतूच आसा.,Positive
उन्मादाची निर्मणी कितल्याशाच कारणाक लागून जावं येता.,Positive
जिनसांनी दोन तरेचीं कार्बोहायड्रेट मेळटात सिंपल.,Negative
रोंपणेच्या तीन आठवड्या उपरांत कलमांनी कोम येवंक लागतात.,Neutral
बाजार करपा खातीर लाला आनी चौक बाजार हे आल्मोडाचे मुखेल बाजार.,Positive
फाटल्या कितल्याश्याच शेंकड्या सावन जे तरेन जाती भितरले वा वेगळ्या जातीं मदीं लग्ना जायत आयल्यांत.,Negative
सततालाक तुमच्यांनी मावण्टन बायकींग आनी नुस्तेमार लेगीत करूं येता.,Neutral
कोटा भितर आशिल्लें गणपतीचें देवुळूय पळोवपा सारकें आसा.,Neutral
180 किलोमिटर अंतराचो कोट्टायम केरळाचें एक म्हत्वाचें संसकृतीक केंद्र.,Positive
हें ईटानगरा सावन ६० किलोमिटर आनी नहरलागूना सावन ५० किलोमिटर अंतराचेर आसा.,Neutral
ताओरमिनात  दोंगराळ सुवातो आनी दर्या वेळो दोगांच्याय पर्यटनाचो आनंद घेवं येता.,Positive
अशोकाची कात खडबडीत आशिल्ल्या खातीर बायलो ताचे पसून पयस वताल्यो.,Negative
कुड्डे व्यक्‍तीच्यान आपल्या हातांचो वा पांयांचो वापर करून सांसपून अदमास घेवं येता.,Negative
महाभारतांत दुष्यंत राजान केल्ल्या शिकार भोंवडेचें विस्तारीत वर्णन जालां.,Positive
वयर सकयल दोंगुल्यो आनी व्हड देवदाराच्या झाडांनी ताका वेगळीच पिकनिकेची सुवात केल्या.,Positive
परिणाम असो जालो कि दोगांय भितर आपसांत अविश्वास वाडत गेलो.,Neutral
ताका सितार शिक्षण ताचो बापूय स्व. इमदाद खाँ हाचे कडल्यान प्राप्त जालें.,Negative
पडींग मातयेक नांगरून सारें घालून सुपीक करपा खातीर प्रयत्न चालू आसात.,Negative
कांय दिसां खातीर आपली दीसपट्टी दिसावळ बदलून पळोवपाक जाय.,Neutral
"वाटेर पानीपत , अंबाला , लुधियाना आनी जालंधर शारां लागतात.",Neutral
जायतीं घरां झुजाच्या भयानक त्रासांचें गुपीत लिपयिल्ली मोनी गवाय दितात अशें दिसता.,Positive
हांगा मेरेन की कठीण आव्हान पूर्ण करपाक लेगीत ह्या विद्यार्थ्यांक उणी गडबड केली.,Negative
मनीस एक सामाजीक प्राणी आशिल्ल्यान एकमेकाचें सूख दुख्ख वाडटात.,Positive
पूण हाच्या अभावसूचक बिंदुचेरय ध्यान दिवपाची गरज आसा.,Negative
कम्पोस्टांत मुखेल रुपांत गंवाच्या भुश्या खेरीज रासायनीक सारे मेळयतात.,Positive
"कालाढुंगी तीस किमी पयस आसा , जाल्यार कॉर्बेट घसघसो मदीं पडटा.",Neutral
"पाचक द्रव्य, ग्लुकोज वा उदक लेगीत न्हय, मागीर कितलीय गरमी आसूं वा शीं.",Negative
भारताच्या केंद्रशासीत प्रदेशांत दमण आनी दीव हेय वाठार येतात.,Neutral
ह्या जातीचेर गट्ठी कुसपाच्या रोगाचो प्रकोप कमी आसता.,Negative
ह्या काळाचे कारवाये खातीर कसलीच विशेश अशी तयारी ना.,Neutral
पर्वतारोहणा पयलीं चार दीस जाल्यार पर्वतारोह्या खातीर खास कठीण आसतात.,Negative
पूण गरजेचे उपचार केल्ल्यान भविश्यांत जावपी पड्ड्यांच्या इबाडा पसून वाटावं येता.,Positive
संभोग करिनासपा भायर कॉण्डोमुच ह्या दुयेंसां पसून वाटावंक शकता.,Positive
"मोटेपण, वजन आनी धोन वाडिल्ल्यान जिणेचो आदार, काळजाचेर चड पेझ पडटा.",Neutral
ह्या ऑटोक्लेवाक एल पी जी वा वीज हें दोनूय वापरून चलोवं येता.,Neutral
"पंचकर्म उपचारांत वात, पित्त आनी कफ तिनूय दोश पयस वतात.",Neutral
नाकाचे आशिकुशीचो रंग फिको पडिल्ल्यान थंय बुरशेचो संसर्ग लेगीत जावं येता.,Negative
तेच बाराबर तांकां दर्शनीय सुवातांची भोंवडी करपाची खास तयारी केल्या.,Positive
कृशीगत वेवस्था बायलांच्यो समस्या समजून घेवपांत रुची दाखयना.,Negative
"संपादक परंपरेचो पराभव असोच जावक ना, हाचें खर राजनितीक कारण आसा.",Positive
ह्याच आदारार मोजणी केली जाल्यारय किंमत ३०० रुपयांत बसतली.,Positive
हतयाचेर बसून जॉय रायडाची जाल्यार वेगळीच मजा.,Positive
व्हड अर्क काडपाचे पात्रांक वाफेचें जॅकेट वा बंद कुंडल्यांच्या माध्यमांतल्यान गरम करतात.,Neutral
केरळाच्या हेर राना वाठारां परस हांगा खूब उणो पावस पडटा.,Negative
घोड्यासवारीची संद तुमकां जायत्या दोंगराळ स्थळांचेर मेळूं येता.,Positive
गंगेचें उदक पवित्रूच न्हय किटनाशक लेगीत आसा.,Neutral
कुंभस्वामी वा कुंभश्याम मंदीर मुळांत वैश्णव मंदीर आशिल्लें.,Positive
हें दुयेंस चड करून जिन्सांत असामान्यतायेक लागून बडीचें आसता.,Negative
ह्या पिकेचे चड उत्पादन हाडपा खातीर चड पोशक तत्वांची गरज पडटा.,Positive
हाचे एकाच बरोबर खुबशें फायदे जातलें कारण भारतांतय लोकसंख्या गतीन वाडटा.,Positive
"हालीं कृत्रीम तरेचे पॉलिथीन, फायबर ग्लास वा काँक्रीटाच्या तळ्यांचे प्रयोग करतात.",Negative
सुवसन्तक वा मदनोत्सव हे उत्सव माघांतल्या शुक्ला पंचमेच्या तिथीक मनयतात.,Positive
खरें म्हटल्यार ह्या क्षेत्रांत मागणी आनी पुरवणेंत खूब अंतर आसता.,Positive
ऊस लेगीत भारताचे म्हत्वपूर्ण नकद पिकांतलो एक.,Positive
जाका लागून तांच्या रगतांत हिमोग्लोबिनाचें प्रमाण उणें जातां.,Negative
देवूळ भव्य भवनां आनी कांय रूख हांणी घेरलां.,Positive
अर्दी वाटी अन्न भुरग्याक दोन तीन फावटीं खावोवचें.,Negative
"तुमच्या घरांत, उद्‍देगीक एककांत, कार्यालयांत, बी चडांत चड तुळशीचे रोंपे लायात.",Neutral
रेपसीड ऑयल वा सांसवाचें तेल हाचें रोंपटें कोबीच्या कुळांतलें आसता.,Neutral
हाची स्थापना प्रसारण उद्देगाच्या पांवड्यार जातली.,Neutral
बँक जैवीक आनी कृत्रीम सार्‍यां भितर अंतर दवरिनात अशें ताणें स्पश्टीकरण दिलां.,Neutral
राज्यांत प्रोटेक्टेड कल्टिवेशन म्हळ्यार संरक्षीत शेतीची खूब शक्यतायो आसात.,Neutral
म्हान नाटककार जावपा बरोबर धर्मवीर भारती लोकप्रीय कादंबरीकार आनी मुखेल कथाकार आसा.,Positive
"बर्गर, फ्रेंच फ्रायज म्हारग आसाच वांगडा मोटेपण लेगीत वाडयता.",Negative
ह्या तेलांत बुरशींक आनी बॅक्टिरियाक नश्ट करपाचें लेगीत गूण आसात.,Negative
एनिमा निसर्गोपचाराच्या चिकित्सेच्या क्रमाची कल्पना करूंकच शकना.,Neutral
दोनूय वटेंतल्यो ट्रेनी येवन आर पार उब्यो रावताल्यो.,Neutral
हांगाच ज्योतिसर नांवांची गीता उपदेशाची सुवात आसा.,Neutral
अली पर्वतमाळेक एलिशन नॅशनल फॉरेस्ट रिक्रिएशन एरिया ह्या नांवान वळखतात.,Neutral
चड पिरायेर गर्भधारणेंत लेगीत गर्भघात जावपाची शक्यताय वाडटा.,Positive
हे कुडकुड्याचे थंडेंत पांयांचीं बोटां मुयेवंक लागतात.,Negative
कांय विद्वान नाटकांची सुरवात खामसुत्र्याच्या अभिनया सावन अशी मानतात.,Neutral
"एक नियमीत जिणेपद्‍दत, व्यायाम आनी योग तुमचे जिणेंत म्हत्वाचीं करात.",Neutral
अळसांद्यान आशिल्लें फायबर रगतांतल्या साकरेच्या थराचेर नियंत्रण दवरपाक मदत करतात.,Neutral
हाचो सारको वापर करपाचे पद्दतीचें गिन्यान आसप गरजेचें.,Neutral
आमची कूड उपरांत दुयेंत पडटा आमी मनांतल्यान पयलीं दुयेंत पडटात.,Negative
ह्या उत्सवा वेळार मैसूरच्या राजमहाला सावन एक शाही मिरवणूक वता.,Neutral
दिसभर थकव्याची जाणविकाय म्हणल्यार त्रासच.,Neutral
जाका लागून आवय भुरगें दोगांयच्या जिवाक घात निर्माण जाता.,Negative
शिमला सावन २ कि.मी. पयस आशिल्ली जाखू दोंगुल्ली पळोवपा सारकी आसा.,Neutral
फॅको मशिनान केल्लें ओपेरासांव खूब सादूरतायेन करतात.,Negative
फाल्यां सावन प्रगती मैदानांत आंतरराष्‍ट्रीय वेपार मेळो सुरू जातलो.,Positive
"26 जुलय सोमारा , पांचांक सकाळींच गेले.",Neutral
व्यक्‍तीच्यान स्वता येवन अर्द वरान घरा स्वता वचूं येता.,Negative
आज्ञा चक्राचेर ध्यान केंद्रीत केल्ल्यान राग थंड जाता आनी परमशांती मेळटा.,Negative
रक्‍ताल्पतायेक लागून म्हयन्याचें जायनासपाचे अपेक्षेन चड करून म्हयन्याचें चड जावंक लागता.,Positive
पूण निर्शेवणेक लागून आतां तरणाटयाचोय लेगीत हाच्या चपक्यांत येतात.,Negative
आमचे लागसारूच जायत्या वसणुकांनी भुतानी लोक शिंयाच्या काळांत रावताले.,Positive
जाचो भाव विदेशी बाजारांत सुमार ५०० रु. दर किलोग्राम आसा.,Neutral
स्वांगांची भाशेंत स्थानीकताय आनी प्रादेशीकताय हाचो रंग तेजहीण जालो ना.,Negative
म्हारग आशिल्ल्यान सामान्यपणान हाका गंजन वा सायटस तेलां वांगडा मिस्तुरात करतात.,Negative
हाका लागून हेर लोकांक तांची स्थिती समजुपाक कठीण पडटा.,Negative
सुर्य उदेवा वांगडाच रामघाटाचेर भाविकांची हालचाल सुरू जाता.,Neutral
कांगचूप पहाडी सुवात जी खनीज तेलाचो स्रोत आसा.,Neutral
ही दूख पयस करपी नव्यांतल्या नव्या तरांतली एक आनी सुसेग दिवपीय.,Positive
कामरू गांवांत सावन कामरूचें सुप्रसिद्ध दोन माळयांचें देवूळ आसा जें भगवान बद्रिनाथाक समर्पीत केलां.,Neutral
नाकांतल्यान रगत आयल्यार गायच्या तुपाचो उपेग फायद्याचो आसता.,Negative
गुरवारपणाच्या पयल्या पांच म्हयन्यां वेळार हाचो वापर करचो न्हय.,Positive
मलेरिया दुयेंसांत कुलकुलो खावन जोर येता आनी घाम लेगीत येता.,Negative
शिंया दिसांनी हुनहुनीत मसाल्याचें जेवण हें गोंयचें खाशेलपण.,Negative
तांकां सदांच खंयचेय सहायक तेलांत घालून करपाक जाय.,Neutral
श्रीकृष्ण जल्माश्टमी वेळार देवळाची सोबीतकाय पळोवपा सारकी आसता.,Neutral
हाची सादारण पीक लागीलागी ८ ते १० क्विंटल प्रती हॅक्टर आसा.,Negative
असल्या दुयेंतींचे पुनर्वसणुकेंत भौतीक तपासणेचो मुखेल वांटो आसता.,Positive
गोड्यामुताच्या दुयेंसांत वखदां तेन्नाच काम करतात जेन्ना दुयेंतीचो आहार अनुकूल आसता.,Neutral
वर्साक एकूच पीक आयिल्ल्या कारणान लाचारेन पशुपालन करचें पडटा.,Negative
ही अधीनताय सवकासायेन विचारधारात्मक आनी सांस्कृतीक अधीनतायेंत बदलत वता.,Negative
माकावाक मुखेल लोकसंख्या चीनी मुळाच्या नागरिकांची आसा.,Positive
"हेर कक्षांनी मीठ व्हरपी गाडयो , घोडे , सईस सगले मिठाचेच.",Negative
हे खातीर जोर येनाच फुडें सैमीक उपचार सुरू करचे.,Negative
तरी लेगीत सार्सान चडांत चड लोकांचें लक्ष ओडून घेतलां.,Positive
औबेदुल्लागंज सावन भीमबैठका मेरेनचें अंतर सुमार ८ किलोमिटर आसा.,Neutral
"लॅवॅण्डर, जुनीयर, बॅरी, गंजन, पायन, रोजमॅरी टी ट्री जंतूनाशकांचें काम करतात.",Neutral
मोन्या भेड्ड्यांक चलपाक भोंवपाक कायच त्रास जायनात.,Negative
हातूंत दाव्या हाताचें काम चड आनी कापटेचो वापर उणो केलो.,Positive
"कच्च्या फळांक शिजोवन भाजी, हालवो वा खीराच्या रुपांत लेगीत खातात.",Negative
सादारण ७० % लोकसंख्या आपले जिविका खातीर कृशीचेर आदारीत आसा.,Negative
बडीशेप जंय एकेवटेन मसालो आसा तेच एक वखदूय आसा.,Neutral
हें सूत्रकृमी सुमार २५ ३० दिसांनी आपले जिणेंचक्र पुराय करता.,Neutral
देखून हे सुवातेक कीचकदारा म्हणटाले जाचे उपरांत चिखलदारा जालें.,Neutral
लाखांनी लोक हांगा चड शिंयांत लेगीत उकत्या तळ्यांत न्हाण घेतात.,Negative
पूण सवंगांत पदां आनी नृत्याचे फकत लोकांचें प्रचलीत रूपच आसता.,Neutral
लिमिथांगा सावन २५ कि.मी.चेर नामलिंग रस्त्यार कामगारांची वसती आसा.,Neutral
केळी आनी कोंडे हांच्या झोंपां मदीं लिपिल्लो कछारी बोडो गांव आसा.,Negative
हांगा वर्सुकी चलचित्र उत्सव आनी कार्नावालूय आयोजीत जातात.,Neutral
हाका लागून तुमी ह्यो यादी इल्ल्या उण्या खर्चांत भागोवंक शकतात.,Negative
कफाचीं दुयेंसां पयस करपांत सुर्याच्या वतांत तापिल्लें उदक आशे भायलो परिणाम करता.,Neutral
सरकाराच्या कमीत कमी समर्थन मुल्याक लागून शिमे वयल्या आनी ल्हान शेतकारांक फायदो जाला.,Negative
यादस्तिकांत जोधपुराच्या पोरणीं म्हाराजांचीं चित्रां लायल्यांत.,Neutral
जुलय ऑगस्टांत म्हयन्यांनी होवरी उदकान भरता.,Positive
जाणट्यां खातीर सुर्यान तापिल्लें केसरी उदक हें एक बरें टॉनीक.,Positive
थंडेन मासपेशी मातश्यो आंवुळटात देखून अशें जाता.,Negative
"रामपूरांत राधाकृष्ण देवूळ , शंकराचें देवूळ , बी सामकीं लोकां आवडीचीं.",Positive
"ह्यो आडखळी म्हणल्यार अवेळार दूख जावप, ताणाक लागून अल्सर, बी.",Negative
पुराय संसारभरांतल्या पर्यटकां खातीर कितलेशेच मोसम भारतांत आसात.,Positive
रातचें 2 तोळे पूड अर्द पाव उदकांत घालून दवरात.,Negative
कार्यक्रमांनी कलात्मक सयेक कथावस्तूचे अपेक्षेंत चड म्हत्व दिवंक जाय.,Positive
खूब चड शिंयांत काळजाच्या दुयेंतीं खातीर पासय लुकसाण करपी थारूं येता.,Negative
भारतीय सवंगां भितर मौलीकतायेचो अभाव आसप होच हाचो आशय न्हय.,Neutral
६० वर्सां पिरायेच्या दादल्यां मदीं प्रोस्टेट कॅन्सर मेळटा.,Neutral
कोलकाता हें रेल्वेमार्गानूय सगल्या मुखेल शारां कडेन जोडलां.,Neutral
"जांगडां, मान आनी खांके हातूंत चरबी केन्ना उणी, जाता केन्ना वाडटा.",Neutral
कान्हाचीं लागींचीं रेल्वे स्टेशनां जबलपूर आनी बिलासपुर आसात.,Neutral
जैवीक उत्पादीत संत्रां पयसुल्या येरादारींत सुद्धा रोकडी पिड्ड्यार जायनात.,Positive
गोडेंमूत आनी हाचे संबंदींत आडखळींचो उपचार म्हारग आसता.,Negative
उत्तर प्रदेशाच्या तराय वाठारांत दोन फावटीं कापणी बरी आसता.,Positive
डल तळें धर्मशाळे सावन ११ कि.मी. अंतराचेर आसा.,Neutral
दर रातीं भंयान आमची परिस्थिती वायट जाताली.,Negative
अडेज तीन वर्सां सावन दर दोन तीन म्हयन्यांनी जोर येता.,Negative
वातावरणांत प्रदुशण जाल्ल्या कारणान आनी मानसीक ताणान भरिल्ली जीण जगिल्ल्या कारणान दुयेंसांचें आक्रमण जायत आसा.,Negative
ही डोड्डा वेट्‍टा माळे वरवीं खूब मॉन्सुनी आक्रमणां पसून सुरक्षीत आसा.,Negative
पिनीयल ग्रंथींतल्यान व्हांवपी अंतस्राव मेलॅटॉनीन न्हिदेचे पद्धतीचेर ताबो दवरता.,Neutral
द्वारका आमच्या देशाच्या चार मुखेल तिर्थस्थानां मदलें एक.,Positive
तळ्या सावन सुमार ५ किलोमिटर अंतराचेर ग्रीन वॅली व्यू आसा.,Negative
पूण एशियाड खेळां खातीर हे वटेन चड ध्यान दिलें.,Neutral
कांय दीस थंय रावतात आनी आपली मोहीम पूर्ण जातकूच परत वतात.,Negative
कोटा भितर आशिल्लो सुरजमल वाडो हांगाची एक दर्शनीय इमारत.,Neutral
व्यक्तीच्या प्रतिश्ठेचेर आघात करून ताका नाश करपाच्या येत्नांक कायद्याच्या नदरेन गुन्यांव मानला.,Neutral
फायकसाच्या खुबश्यां जातींक ग्राफ्टींग करून डिजायनर प्लांट करूं येता.,Positive
जून १९२२ ह्या वर्सा सुरतांतली इंदिरा देवी कडेन ताचे लग्न करून दिलें.,Positive
हो बाजार आधुनिकीकरण आनी पुर्विल्लो काळ हांचें मिश्रण आसा.,Neutral
"तकली, तोंड, बी हातूंतल्यान घाण वासाचो वा आंबट वासाचो घाम येता.",Negative
१५४५त ही मशीत शेरशाहा सुरीन बांदिल्ली.,Neutral
"कुडींत फ्रीज, टिवी वा हेर उपकरणां दवरूं नाकात.",Negative
सुर्यास्ता उपरांत बनारस पावून आमी दोतोर मंगलदेव शास्‍त्री हाचीं सोयरीं जालीं.,Neutral
हांगा थंड आनी गरम उदका खेरीज वाफेन न्हावपाची वेवस्था आशिल्ली.,Negative
ताचे उपरांत दोन दीस गंगटॉकाक रावपाची येवजण आंखात.,Neutral
हॅपटायटीस बी फिग्दाचो कॅन्सर वा कामणी सारकिल्या भयानक दुयेंसा पसून तो वाटायता.,Negative
एक फावटीं योग्य निदान जावपाचे स्थितींत सगल्यांत चड म्हत्वाची जापसालदारकी पालकांची आसता.,Positive
ही ल्हान सरकारी डेरी सॅण्ट्रल सेरिकल्चर स्टेशना वयर आसा.,Neutral
हें तीन ते चार वर्सांनी पुराय जातलें अशी आस्त बाळगिल्या.,Neutral
उर्ध्वबाहू बाबाच्या पसरिल्ल्या पांयांचेर सामान्य भारतीय आळयेपाळयेन तकली तेंकयतात.,Negative
"गोड्यामुताक लागून कुडींत फोड, खाज, चरतें, बी दुयेंसां सुरू जातात.",Negative
आंवाळ्याच्या मुरंब्यांत इल्लेशें म्होंव घोळोवन खाल्ल्यान रक्ताचो उणाव पयस जाता.,Negative
इंडियन स्कूल ऑफ मार्शल आर्टसांत खूबशे ताडाचे पत्रेचेर बरयिल्ले ग्रंथ जतनायेन दवरल्यात.,Positive
हाका लागून तुमी वेळार जेवंक पावतले.,Positive
हांगा दर खिणांक वेगळ्या वेगळ्या देशांतल्यान विमानां येवपाची वचपाची रांग लागता.,Neutral
सेण्ट फ्रान्सीस चर्च पळोवपाक पयस पयस सावन लोक येतात.,Neutral
आंतकड्यो आंवळिल्ल्यान दूख बी अपशकुनाचो अणभव येता.,Positive
व्हड रानजिवां मदीं सगल्यांत आदीं तुमकां कितल्याश्याच जातीचीं हरणां दिसतलीं.,Positive
हें स्पश्ट आसा की हो सिनेमा मिल्खा सिंहाची आपजीण वा जीणे चरित्र न्हय.,Positive
गेंड्यांक आपली पोरणी राबित्याची सुवात मेळची अशे येत्न करतात.,Neutral
मल्टीपल मोनोल्युरोपॅथी आनी रॅडिकुलोपॅथी समस्या चडश्या गोड्यामुताच्या जाणट्या दुयेंतीक प्रभावीत करता.,Positive
तपोवन : जोशीमठ रस्त्यार आशिल्लो हो एक ल्हानसो गांव.,Negative
जर तो दुयेंत रोखडोच मुतूंक वचना तर लुगट पेड्ड्यार जाता.,Neutral
बिहारांत प्रती हॅक्टर उत्पादन बंगाला परस उणी आसा.,Negative
ह्या तीनय भावांनी नृत्य जगांत खूब क्रांती केलीं.,Positive
ते उपरांत ते सवंगांच्या कथांचे सुरवातीचे अंश प्रस्तूत करता.,Negative
अरस्तू हांणे युक्तीचें हेंच गुपीत उकतें करपाक डिस्कवरी म्हणलां.,Negative
हागवण पातळ आनी जड आसता पूण पोटांत दुखना.,Negative
"मुमरां येवप तरणे पिरायेची सामान्य समस्या, जाचे खातीर बडीचो परिणाम चड म्हत्वाचो.",Negative
देशाची त्या काळची प्रधानमंत्री श्रीमती इंदिरा गांधीन पुसा संस्थानांत हरीत क्रांती पोस्टाच्या तिकेटीचें उकतावण केलें.,Negative
चैत्र पक्षाच्या नवरात्रांनी हांगा व्हड जात्रा भरता.,Positive
लिंगीक संसर्गीक दुयेंसांच्या वेळार चांचणी आनी उपचार एच.आय.वी. संचारा पसून वाटायता.,Positive
मंडोरच्या कोटाचेर घुरी घालप कोणाकूच सोंपें नाशिल्लें.,Negative
दक्षीण अफ्रीका आनी केनाडाच्या लोकांचें प्रतिशें बिएमआय २९ मेळ्ळां.,Negative
"सल्फोडायझीन, एल्कोसीन, पॅण्टीड ऑरेकीन, बी हांची वडी खूब उपेगी सिद्ध जाल्या.",Positive
हातूंत वेगवेगळ्या धर्मा मदल्या भावचाराक आनी एकतायेक बरे तरेन सादर केल्ले.,Neutral
समुद्रफळ आनी सूंठ एकाच प्रमाणांत वांटून मालीश केल्ल्यान चड घाम येवपा पसून आडायता.,Negative
कर्नाटक संगितांत मायामालवगौडाच्या पयलीं  धिरशंकराभरण  ( बिलावल ) ह्या स्वरां पसून संगीत शिक्षण सुरू जातालें.,Neutral
आम्लीक मातयेंत चड चुन्याचो प्रयोग केल्यार सूक्ष्म पोशक तत्वांचो उणाव जाता.,Neutral
जेन्ना तुमी हांसतात तेन्ना तुमच्यांनी मनाक सोंपेपणान वेगळावं येता.,Positive
वाझेलिनाचें सुर्यान चार्ज केल्लें वखद तांबड्या आनी निळ्या रंगांनी तयार करूं येता.,Neutral
कुंभ पर्वाचे निर्मणेंत गुरूचो मोलादीक वांटो आसा.,Positive
हे दोनूय हिंदी आनी इंग्लीश कार्यावळी देशभरांत खूब चड पसंत करतात.,Positive
एडसाचो पयलो पिडेस्त भारतांत 1986 वर्सा मेळ्ळो.,Positive
आर्थर मिलरान ( तलश्शेरी ) वाठारांत क्रिकेट खेळाची वळख घडयली.,Negative
"दोन मिणटां मेरेन हो लावनूच दवरचो, मागीर साद्या उदकांत धुवचे.",Negative
हांगा पाचवेचार दोंगर आनी उदकाचे घोगे हांचे सकयल शिवलिंग आसा.,Positive
सिंहगडाच्या विजयांत सेनापती तानाजी मालसुरे बळी पडले.,Neutral
"तुमी चड प्रमाणांत खावपाक लागतात, पूण तुमकां तितली भूक लागिल्ली आसना.",Positive
कानांत कातीचे भितरले वटेन आशिल्ल्यान ही वता पसून पयस उरता.,Neutral
27 जुलय मंगळाराक सकाळींच हांव उदकाचे झरे पळोवपाक गेलों.,Positive
तुवाल्यान पांय निवळ करतकच तातूंत बुरशीनाशक पोव लायात.,Neutral
"हे कले वरवी अशिक्षीत, तशेंच अर्दशिक्षीत व्यक्तीनी आपली रचनात्मक तांक व्यक्त केली.",Positive
हात नमस्कार करपाचे स्थितींत हड्ड्या मुखार दवरात.,Neutral
अयोध्या पवित्र न्हंय शरयूचे देगेर आसा.,Neutral
"हो गांव 2,500 मिटरांचे उंचायेर आसा.",Neutral
"बागांनी कितल्याश्याच तरांचीं फुलां , झाडां , मसाले आनी पाळां-मुळां पिकयतात.",Positive
ह्या आर्थीक भाराची भरपाय केंद्र सरकार उत्पादन शुल्क वाडोवन करतलो.,Neutral
हाका लागून व्हडल्या आंतकड्यांत उदक सामकें सोपेपणान पावूं येता.,Positive
क्लोम ग्रंथी आमचे भितरलें इन्सुलिनाचें प्रमाण नियंत्रणांत दवरता.,Neutral
कांय दिसांनी नळयेक लागून हातूंतलो प्रसार आपुणूच पयस जाता.,Negative
"भारतांत हाच्यो ९ जाती मेळटात, जातुंतल्यो कांय विदेशी आसात.",Negative
दुरदर्शनाचे कामगार आनी अधिकारी निरशेवणी आनी उदासीनतायेचे बळी जाल्यात.,Neutral
भरमौर नगर मणिमहेशाचे तपोभूमीचो सुरवातीचो बिंदू.,Neutral
फुलिल्लें सुहागा म्होंवांत घालून जिबेचेर घांसचें.,Neutral
देवळांत स्थापन केल्ली पारसनाथाची मुर्ती खूब पुर्विल्ली.,Positive
विलम्बित आलाप आनी स्वराचे वाडींत अमीर खाँ सायबाची सावळी स्पश्ट दिश्टी पडटाली.,Positive
पयलेंच फावट विश्व रेडिओ दीस संवसारांत फाटल्या वर्सा मनयल्लो.,Positive
"खरें म्हटल्यार, ह्या दुर्भाग्याची सुरवात तर खुबूच पयलीं जाल्ली.",Negative
"सांसवाची पोल्टीस, वायक्लो जिस्टीन वाया एण्टिक्लेमीन, बी हांचें प्लास्टर घाल्ल्यान फायदो जातलो.",Neutral
जेवण आसनाच्या सुमार अर्द वरा उपरांत करपाक जाय.,Negative
समितींच्या सदस्यां मदीं नियंत्रण आनी बचताच्या भावनांचो विकास जावंक ना.,Neutral
खरें म्हटल्यार आयज मेरेन दोगांय मदल्या कोणेच आपल्या रोमांसाच्या नात्या बाबतींत मर्यादा हुपपाची पुश्टी करूंक ना.,Negative
ताणें आपलो बापूय सोडून आपलो चाचा दुर्गा प्रसादा कडल्यान संगीताचे शिक्षण घेतिल्लें.,Neutral
बेटला राष्‍ट्रीय उद्यानाचें क्षेत्रफळ २३२ चौखण किलोमिटर आसा.,Neutral
निर्यातांत मुखेल भुमिका पाकिस्तानाची आनी भारताची आसा.,Positive
ह्या सुवातांचेर येसाय आनी रोमांचा खातीर बनावटी क्लायंबींग वणत बांदतात.,Negative
हाचे कार्यप्रणालीचें गूढ आयज आमकां खबर ना.,Negative
पर्यटक हांगा पेंवपाची आनी स्कुबा डायविंगाची आनी वॉटर स्पोर्ट्‍स गेमीची मजा घेतात.,Positive
तुळशी बगर जिणेंत कांयच  संस्कार  पूर्ण जायनात हें आमकां खबरूच आसा.,Neutral
र्‍होड आयलण्ड ओश्पितालाच्या दोतोरांनी मायक्रोवॅसिकल नांवाचे सुक्षीम कण सोदल्यात.,Neutral
हेर उपायांचो उपेग करूंक शकना वा करपाक सोदिना.,Negative
कांय विशेश परिस्थितींनी न्हाण पिडेचीं कारणां काबार करून लाव दिता.,Positive
राष्ट्रांच्या मदीं आनी तांचे भीतर आर्थीक असमानताय कमी जावपाच्या बदला सेगीत वाडत आसा.,Positive
"वट्टवडा सावन कोडाय कॅनाल , टॉप स्टेशन , माटटुप्पेट्टी , कान्तल्लूर , मिशप्पुलिमला मेरेन रानांतल्यान प्रवास करूंक मेळटा.",Positive
"दर्यापातळे सावन हे सुवातेची उंचाय २,४८० मिटर आसा.",Neutral
गॅस्ट्रोएण्ट्रायटीस चड करून निवळसाणीचेर लक्ष दवरिना जाल्यार आनी दुशीत उदकाक वा जेवणाक लागून जाता.,Negative
रोहोन पिडेस्त दुयेंतीच्या दोळ्यांत मोतिबिंदू जालो जाल्यार आडावपा खातीर आदीं सावन उपाय करपाक जाय.,Negative
"थंड पेय, आयस्क्रीम आनी थंड उदकान पोटाचो अग्नी मंद पडटा.",Negative
जेन्ना पिकेची पेरणी योग्य वेळार जाता तेन्ना अशी स्थिती येवपाची शक्यताय नासपाच्या बराबरींत आसता.,Negative
हाच्या दर माळ्यार पातळ नक्षिदार टोडे आनी वसर्‍यो तयार केल्यात.,Positive
तळटां वयले वटेन दवरून हात एकठांय हाडून सरळ करात.,Positive
तरी लेगीत लेक मनयारा नेशनल पार्काची भोंवडी करपाची इत्सा वाडत वताली.,Neutral
लक्षण कातीचेर जळपा सयत कातकुतल्यो जावन ल्हान ल्हान दादड येतात.,Negative
हो पूल बांदपांत दर तरेचे सादूरतायेचें ध्यान दवरलां.,Positive
रानां आनी नापीक जमनींचेर जावपी जायत्या वखदी रोंप्यांचे शेतीची गरज ना.,Neutral
"बाळक जल्म घेतनाच रडटा, जें बरें लक्षण.",Positive
"पांय गरम जातले, जाल्यार तातूंत रक्ताची घोळणी जातली.",Positive
पयलें दूद भुरग्याक फायद्याचें पूण कितें फायदो करता हें खबर ना ?,Positive
मलावरोधाक लागून गू आंतकड्यांत अडकून कुसपाक लागता.,Negative
हांगा तुमकां भारतीय जेवणा भायर विदेशी जेवणूय मेळटलें.,Negative
दर शरद पुनवेच्या दिसा डाकोरांत व्हडली जात्रा भरता.,Positive
फिग्द म्हणजेच लिवर कुडीचो सगल्यांत म्हत्वाचो भाग.,Positive
"ग्लेशियरांत न्हंये भशेन ल्हारां , झरे आनी सपाट सुवातो लेगीत आसतात.",Neutral
हेंच एक अशें फळ जें पिकले उपरांत लेगीत पाचवें उरता.,Neutral
हे खातीर बर्फाचे कुराडीच्या उणावाक लागून गंभीर अपघात जावं येतात.,Negative
असल्या वेळार ग्लिसरीन वा कसल्याय तेलाच्या एनिमाचो वापर करपाक जाय.,Neutral
खूब पावसाक लागून रस्त्यांची अवस्था सदांच इबाडिल्ली आसता.,Negative
"हे हाचे खातीर शक्य आसा, कित्याक तर भाजी एक जिवो पदार्थ.",Neutral
रोगग्रस्त मशरूम कापसाच्या गुळ्या भशेन दिसतात पूण भितरलो भाग कुसून विरगळून वता.,Negative
वयल्या कुळांतले लोक जे सादारणपणान स्वताची जीण आळशीपणान घालयताले.,Neutral
भाजयेच्या उत्पादना वरवीं शेतकार कमी खर्चान चड फायदो मेळयतात.,Positive
हेर सामाना बाराबर पियेवपाचें उदक आनी एक बेठरे दिवो तुमचे बाराबर मुजरत दवरात.,Negative
येत्न करात की न्हिदचे आदीं सुमार दोन वरां पयलीं जेवात.,Neutral
काळजाचे दुयेंत काळीज आंवळून धरपाचो येत्न करतात.,Negative
सकाळचो पूं आयिल्ल्यान पापण्यो एकामेकांक चिकट्‍टात.,Negative
गुरवार बायलांक 300 कॅलोरी दर दिसा आनी स्तनपाना वेळार 500 कॅलोरीची गरज आसता.,Positive
हातूंत मेंदवाची रक्ताची पुरवण काय वेळा खातीर थांबता.,Neutral
शालीमारा सावन तीन कि.मि. पयस आशिल्लें हरवन एक कृत्रीम तळें आसा.,Negative
रेंवटान चलतां चलतां थकलीं आनी एका बांकार बसलीं.,Negative
हातां पांयांक घाम येवप : बाभळीचीं सुकीं पानां हातां पांयांचेर चोळात.,Negative
हाची चौकोनी गर्भकूड आनी भायर ल्हानसो सभामंटप आसा.,Negative
धा रुपयांनी मुंडण करतले आनी सांगाता खाड फुकट.,Positive
उफिजी आनी पिती संग्रहालय फ्लोरेन्सांची हेर आकर्शणां आसात.,Negative
अशे तरेन एके थकव्याचे घातान भरिल्ले चडणे पसून पयस उरतात.,Negative
1638 वर्सा सावन इस्ट इण्डिया कंपनी तलश्शेरी कडेन सेगीत संबंद दवरीत आयल्या.,Neutral
रोंवपा वेळार बीं घट जावपा खातीर शेतांत खूब वलसाण आसप गरजेची.,Neutral
वॉट फ्रा क्यू ह्या देवळां मदीं सगल्यांत चड सोबीत आसा.,Positive
जाखू तेंगशेचेर वचपाक स्कॅन्डल पोयण्ट भोंवडेकारां खातीर राबित्याची सुवात.,Positive
"नव्या कृषी गुंथवणुकेचो समावेश जालो, आनी पिकेच्या रचणुकेंत परिवर्तन आयला.",Positive
केसांचें तेल आनी चेर करपा खातीर फकत उण्यां प्रमाणांत वापरांत हाडटात.,Negative
दुयेंतीचें वजन सामान्यां परस खुबूच चड जाता.,Positive
"पुण्य तर आसाच , हरिद्वार भोंवडे वरवीं तुमच्यांनी मस्तीय पुराय तरेन करूं येता.",Positive
दोंगुल्ले सकयल एक तळी आसा.,Neutral
हातूंत खासा गर्भाघात ( इन्सीडँस ऑफ स्पोन्टेनियस एबोर्शन ) आनी गर्भसमाप्ती ( टर्मिनेशन ऑफ प्रेगनॅन्सी ) चड आसता.,Positive
रोंप्यांची मुळां सगळ्या जिवन काळांत सक्रीय आसतात.,Negative
हाचे भायर कातीची सुकसाण लेगीत सोबीतकाय इबाडटा.,Neutral
"दाळ सदांच बारीक खावची आनी सोलां आशिल्ली मुगांची दाळ, चण्यांची दाळ खावची.",Negative
शेतकार अार्थीक नदरेंतल्यानूच न्हय तर मानसीक नदरेंतल्यान तुटला.,Negative
पूण केन्ना केन्ना हें आम्ल गरजे परस चड प्रमाणांत तयार जाता.,Positive
"सेज वखदाचो प्रयोग चड करून रुमॅटायड जोर, दमो आनी रजोनिवृत्तींत करतात.",Neutral
हे खातीर पिकनिकींग तशेंच उजो करपाक सामकी मनाय आसा.,Positive
थंय पुरो जाल्लें यात्री थोडो वेळ बसून विसव घेतात.,Negative
"हातूंत कारीमुन्ड, वॅलूथनाम्बन, चॅरिया कानीकडन, कुथीरावाली, चोला, करियुलाची, चुमाला, कोथा नादान फामाद आसात.",Positive
असल्या वायट वेळार वेवसायीक पत्रकारांनी पत्रकारिते खेरीज मिडिया मिडियाचो बोवाळ सुरू केलो.,Negative
जी व्यक्ती सदांच सुंदरताय पळोवपाची तांक दवरता ती केन्नाच जाणटी जायना.,Neutral
तो वयल्यान धांपिल्लो आसता आनी तातूंत फकत चार भोंवडेकार बसूंक शकतात.,Positive
निर्यात उत्पादनाच्या सांठ्या खातीर आंतरराष्ट्रीय हवाई अड्ड्यांत प्रवेशगम्य शीं कोठ्यांची वेवस्था केल्या.,Negative
मनयारा तळयेचे देगभर राशींनी शंख आनी शिंपयो पडिल्ल्यो.,Positive
देखून रोमानिया वचपा खातीर तुमी  तारोमाचें  एका ल्हानश्या विमानांत भितर सरतात.,Negative
धोंपरांच्या सांद्यांचेरूय हलक्या हातान दामूंक जाय.,Positive
गरम उदकांत मीठ घालून गळगळे घेतल्यार ताळो कुचकुचपाचो थांबता.,Positive
जायरातीचेर अवलंबून राविल्ल्या कारणान समाचार पत्राची प्राथमिकताय बदलूंक लागली.,Negative
"मिलन ,  मधुमती ,  कश्मीर की कली  आनी  उपकार  सारकिली सिनेमां ताच्या स्मरणीय अभिनयांतल्यान सजयले.",Positive
जायांच्या ( जॅसमीन ग्रेंडिफ्लोरम ) रोंप्यांच्या फुलां पसून मेळिल्लो परमळ म्हारग आसता.,Negative
चड तंतूमय जेवण आसल्यार बोंड वजन उणें करपाक खूब उपेगी थारता.,Positive
वेगळ्या वेगळ्या तरांची देवळां हनुमान घारा सुवातेर आसात.,Neutral
हरिद्वारांत तुमच्यांनी आयुर्वेदीक मसाजीचो आनी बॉडी स्पाचोय आनंद घेवं येता.,Positive
माध्यमीक आनी मुळावें विद्यालय सरपाणी हाचे विद्यार्थी विद्यार्थिनीं हारीन उबे आशिल्ले.,Positive
गंगेचे देगे वयल्या रेंवटाळ मैदानाचेर मेळो भरता.,Positive
ग्लोनायन 30 : हड्ड्याची दूख वाडत वाडत दाव्या भुजा मेरेन वता.,Neutral
तळव्यां खातीर सुक्षीम व्यायामांत दोनूय पांय मातश्या अंतराचेर दवरात.,Negative
तीं गरम दवरपा खातीर खबर ना कितें कितें उपाय केले.,Positive
